Time (ms),Intensity
0,0
60,0
120,0
180,0
240,0
300,0
360,0
420,0
480,0
540,0
600,0
660,0
720,0
780,0
840,0
900,0
960,0
1020,0
1080,0
1140,0
1200,0
1260,0
1320,0
1380,0
1440,0
1500,0
1560,0
1620,0
1680,0
1740,0
1800,0
1860,0
1920,0
1980,0
2040,0
2100,0
2160,0
2220,0
2280,0
2340,0
2400,0
2460,0
2520,0
2580,0
2640,0
2700,0
2760,0
2820,0
2880,0
2940,0
3000,0
3060,0
3120,0
3180,0
3240,0
3300,0
3360,0
3420,0
3480,0
3540,0
3600,0
3660,0
3720,0
3780,0
3840,0
3900,0
3960,0
4020,0
4080,0
4140,0
4200,0
4260,0
4320,0
4380,0
4440,0
4500,0
4560,0
4620,0
4680,0
4740,0
4800,0
4860,0
4920,0
4980,0
5040,0
5100,0
5160,0
5220,0
5280,0
5340,0
5400,0
5460,0
5520,0
5580,0
5640,0
5700,0
5760,0
5820,0
5880,0
5940,0
6000,0
6060,0
6120,0
6180,0
6240,0
6300,0
6360,0
6420,0
6480,0
6540,0
6600,0
6660,0
6720,0
6780,0
6840,0
6900,0
6960,0
7020,0
7080,0
7140,0
7200,0
7260,0
7320,0
7380,0
7440,0
7500,0
7560,0
7620,0
7680,0
7740,0
7800,0
7860,0
7920,0
7980,0
8040,0
8100,0
8160,0
8220,0
8280,0
8340,0
8400,0
8460,0
8520,0
8580,0
8640,0
8700,0
8760,0
8820,0
8880,0
8940,0
9000,0
9060,0
9120,0
9180,0
9240,0
9300,0
9360,0
9420,0
9480,0
9540,0
9600,0
9660,0
9720,0
9780,0
9840,0
9900,0
9960,0
10021,0
10081,0
10141,0
10201,0
10261,0
10321,0
10381,0
10441,0
10501,0
10561,0
10621,0
10681,0
10741,0
10801,0
10861,0
10921,0
10981,0
11041,0
11101,0
11161,0
11221,0
11281,0
11341,0
11401,0
11461,0
11521,0
11581,0
11641,0
11701,0
11761,0
11821,0
11881,0
11941,0
12001,0
12061,0
12121,0
12181,0
12241,0
12301,0
12361,0
12421,0
12481,0
12541,0
12601,0
12661,0
12721,0
12781,0
12841,0
12901,0
12961,0
13021,0
13081,0
13141,0
13201,0
13261,0
13321,0
13381,0
13441,0
13501,0
13561,0
13621,0
13681,0
13741,0
13801,0
13861,0
13921,0
13981,0
14041,0
14101,0
14161,0
14221,0
14281,0
14341,0
14401,0
14461,0
14521,0
14581,0
14641,0
14701,0
14761,0
14821,0
14881,0
14941,0
15001,0
15061,0
15121,0
15181,0
15241,0
15301,0
15361,0
15421,0
15481,0
15541,0
15601,0
15661,0
15721,0
15781,0
15841,0
15901,0
15961,0
16021,0
16081,0
16141,0
16201,0
16261,0
16321,0
16381,0
16441,0
16501,0
16561,0
16621,0
16681,0
16741,0
16801,0
16861,0
16921,0
16981,0
17041,0
17101,0
17161,0
17221,0
17281,0
17341,0
17401,0
17461,0
17521,0
17581,0
17641,0
17701,0
17761,0
17821,0
17881,0
17941,0
18001,0
18061,0
18121,0
18181,0
18241,0
18301,0
18361,0
18421,0
18481,0
18541,0
18601,0
18661,0
18721,0
18781,0
18841,0
18901,0
18961,0
19021,0
19081,0
19141,0
19201,0
19261,0
19321,0
19381,0
19441,0
19501,0
19561,0
19621,0
19681,0
19741,0
19801,0
19861,0
19921,0
19981,0
20042,0
20102,0
20162,0
20222,0
20282,0
20342,0
20402,0
20462,0
20522,0
20582,0
20642,0
20702,0
20762,0
20822,0
20882,0
20942,0
21002,0
21062,0
21122,0
21182,0
21242,0
21302,0
21362,0
21422,0
21482,0
21542,0
21602,0
21662,0
21722,0
21782,0
21842,0
21902,0
21962,0
22022,0
22082,0
22142,0
22202,0
22262,0
22322,0
22382,0
22442,0
22502,0
22562,0
22622,0
22682,0
22742,0
22802,0
22862,0
22922,0
22982,0
23042,0
23102,0
23162,0
23222,0
23282,0
23342,0
23402,0
23462,0
23522,0
23582,0
23642,0
23702,0
23762,0
23822,0
23882,0
23942,0
24002,0
24062,0
24122,0
24182,0
24242,0
24302,0
24362,0
24422,0
24482,0
24542,0
24602,0
24662,0
24722,0
24782,0
24842,0
24902,0
24962,0
25022,0
25082,0
25142,0
25202,0
25262,0
25322,0
25382,0
25442,0
25502,0
25562,0
25622,0
25682,0
25742,0
25802,0
25862,0
25922,0
25982,0
26042,0
26102,0
26162,0
26222,0
26282,0
26342,0
26402,0
26462,0
26522,0
26582,0
26642,0
26702,0
26762,0
26822,0
26882,0
26942,0
27002,0
27062,0
27122,0
27182,0
27242,0
27302,0
27362,0
27422,0
27482,0
27542,0
27602,0
27662,0
27722,0
27782,0
27842,0
27902,0
27962,0
28022,0
28082,0
28142,0
28202,0
28262,0
28322,0
28382,0
28442,0
28502,0
28562,0
28622,0
28682,0
28742,0
28802,0
28862,0
28922,0
28982,0
29042,0
29102,0
29162,0
29222,0
29282,0
29342,0
29402,0
29462,0
29522,0
29582,0
29642,0
29702,0
29762,0
29822,0
29882,0
29942,0
30003,0
30063,0
30123,0
30183,0
30243,0
30303,0
30363,0
30423,0
30483,0
30543,0
30603,0
30663,0
30723,0
30783,0
30843,0
30903,0
30963,0
31023,0
31083,0
31143,0
31203,0
31263,0
31323,0
31383,0
31443,0
31503,0
31563,0
31623,0
31683,0
31743,0
31803,0
31863,0
31923,0
31983,0
32043,0
32103,0
32163,0
32223,0
32283,0
32343,0
32403,0
32463,0
32523,0
32583,0
32643,0
32703,0
32763,0
32823,0
32883,0
32943,0
33003,0
33063,0
33123,0
33183,0
33243,0
33303,0
33363,0
33423,0
33483,0
33543,0
33603,0
33663,0
33723,0
33783,0
33843,0
33903,0
33963,0
34023,0
34083,0
34143,0
34203,0
34263,0
34323,0
34383,0
34443,0
34503,0
34563,0
34623,0
34683,0
34743,0
34803,0
34863,0
34923,0
34983,0
35043,0
35103,0
35163,0
35223,0
35283,0
35343,0
35403,0
35463,0
35523,0
35583,0
35643,0
35703,0
35763,0
35823,0
35883,0
35943,0
36003,0
36063,0
36123,0
36183,0
36243,0
36303,0
36363,0
36423,0
36483,0
36543,0
36603,0
36663,0
36723,0
36783,0
36843,0
36903,0
36963,0
37023,0
37083,0
37143,0
37203,0
37263,0
37323,0
37383,0
37443,0
37503,0
37563,0
37623,0
37683,0
37743,0
37803,0
37863,0
37923,0
37983,0
38043,0
38103,0
38163,0
38223,0
38283,0
38343,0
38403,0
38463,0
38523,0
38583,0
38643,0
38703,0
38763,0
38823,0
38883,0
38943,0
39003,0
39063,0
39123,0
39183,0
39243,0
39303,0
39363,0
39423,0
39483,0
39543,0
39603,0
39663,0
39723,0
39783,0
39843,0
39903,0
39963,0
40024,0
40084,0
40144,0
40204,0
40264,0
40324,0
40384,0
40444,0
40504,0
40564,0
40624,0
40684,0
40744,0
40804,0
40864,0
40924,0
40984,0
41044,0
41104,0
41164,0
41224,0
41284,0
41344,0
41404,0
41464,0
41524,0
41584,0
41644,0
41704,0
41764,0
41824,0
41884,0
41944,0
42004,0
42064,0
42124,0
42184,0
42244,0
42304,0
42364,0
42424,0
42484,0
42544,0
42604,0
42664,0
42724,0
42784,0
42844,0
42904,0
42964,0
43024,0
43084,0
43144,0
43204,0
43264,0
43324,0
43384,0
43444,0
43504,0
43564,0
43624,0
43684,0
43744,0
43804,0
43864,0
43924,0
43984,0
44044,0
44104,0
44164,0
44224,0
44284,0
44344,0
44404,0
44464,0
44524,0
44584,0
44644,0
44704,0
44764,0
44824,0
44884,0
44944,0
45004,0
45064,0
45124,0
45184,0
45244,0
45304,0
45364,0
45424,0
45484,0
45544,0
45604,0
45664,0
45724,0
45784,0
45844,0
45904,0
45964,0
46024,0
46084,0
46144,0
46204,0
46264,0
46324,0
46384,0
46444,0
46504,0
46564,0
46624,0
46684,0
46744,0
46804,0
46864,0
46924,0
46984,0
47044,0
47104,0
47164,0
47224,0
47284,0
47344,0
47404,0
47464,0
47524,0
47584,0
47644,0
47704,0
47764,0
47824,0
47884,0
47944,0
48004,0
48064,0
48124,0
48184,0
48244,0
48304,0
48364,0
48424,0
48484,0
48544,0
48604,0
48664,0
48724,0
48784,0
48844,0
48904,0
48964,0
49024,0
49084,0
49144,0
49204,0
49264,0
49324,0
49384,0
49444,0
49504,0
49564,0
49624,0
49684,0
49744,0
49804,0
49864,0
49924,0
49984,0
50045,0
50105,0
50165,0
50225,0
50285,0
50345,0
50405,0
50465,0
50525,0
50585,0
50645,0
50705,0
50765,0
50825,0
50885,0
50945,0
51005,0
51065,0
51125,0
51185,0
51245,0
51305,0
51365,0
51425,0
51485,0
51545,0
51605,0
51665,0
51725,0
51785,0
51845,0
51905,0
51965,0
52025,0
52085,0
52145,0
52205,0
52265,0
52325,0
52385,0
52445,0
52505,0
52565,0
52625,0
52685,0
52745,0
52805,0
52865,0
52925,0
52985,0
53045,0
53105,0
53165,0
53225,0
53285,0
53345,0
53405,0
53465,0
53525,0
53585,0
53645,0
53705,0
53765,0
53825,0
53885,0
53945,0
54005,0
54065,0
54125,0
54185,0
54245,0
54305,0
54365,0
54425,0
54485,0
54545,0
54605,0
54665,0
54725,0
54785,0
54845,0
54905,0
54965,0
55025,0
55085,0
55145,0
55205,0
55265,0
55325,0
55385,0
55445,0
55505,0
55565,0
55625,0
55685,0
55745,0
55805,0
55865,0
55925,0
55985,0
56045,0
56105,0
56165,0
56225,0
56285,0
56345,0
56405,0
56465,0
56525,0
56585,0
56645,0
56705,0
56765,0
56825,0
56885,0
56945,0
57005,0
57065,0
57125,0
57185,0
57245,0
57305,0
57365,0
57425,0
57485,0
57545,0
57605,0
57665,0
57725,0
57785,0
57845,0
57905,0
57965,0
58025,0
58085,0
58145,0
58205,0
58265,0
58325,0
58385,0
58445,0
58505,0
58565,0
58625,0
58685,0
58745,0
58805,0
58865,0
58925,0
58985,0
59045,0
59105,0
59165,0
59225,0
59285,0
59345,0
59405,0
59465,0
59525,0
59585,0
59645,0
59705,0
59765,0
59825,0
59885,0
59945,0
60006,0
60066,0
60126,0
60186,0
60246,0
60306,0
60366,0
60426,0
60486,0
60546,0
60606,0
60666,0
60726,0
60786,0
60846,0
60906,0
60966,0
61026,0
61086,0
61146,0
61206,0
61266,0
61326,0
61386,0
61446,0
61506,0
61566,0
61626,0
61686,0
61746,0
61806,0
61866,0
61926,0
61986,0
62046,0
62106,0
62166,0
62226,0
62286,0
62346,0
62406,0
62466,0
62526,0
62586,0
62646,0
62706,0
62766,0
62826,0
62886,0
62946,0
63006,0
63066,0
63126,0
63186,0
63246,0
63306,0
63366,0
63426,0
63486,0
63546,0
63606,0
63666,0
63726,0
63786,0
63846,0
63906,0
63966,0
64026,0
64086,0
64146,0
64206,0
64266,0
64326,0
64386,0
64446,0
64506,0
64566,0
64626,0
64686,0
64746,0
64806,0
64866,0
64926,0
64986,0
65046,0
65106,0
65166,0
65226,0
65286,0
65346,0
65406,0
65466,0
65526,0
65586,0
65646,0
65706,0
65766,0
65826,0
65886,0
65946,0
66006,0
66066,0
66126,0
66186,0
66246,0
66306,0
66366,0
66426,0
66486,0
66546,0
66606,0
66666,0
66726,0
66786,0
66846,0
66906,0
66966,0
67026,0
67086,0
67146,0
67206,0
67266,0
67326,0
67386,0
67446,0
67506,0
67566,0
67626,0
67686,0
67746,0
67806,0
67866,0
67926,0
67986,0
68046,0
68106,0
68166,0
68226,0
68286,0
68346,0
68406,0
68466,0
68526,0
68586,0
68646,0
68706,0
68766,0
68826,0
68886,0
68946,0
69006,0
69066,0
69126,0
69186,0
69246,0
69306,0
69366,0
69426,0
69486,0
69546,0
69606,0
69666,0
69726,0
69786,0
69846,0
69906,0
69966,0
70027,0
70087,0
70147,0
70207,0
70267,0
70327,0
70387,0
70447,0
70507,0
70567,0
70627,0
70687,0
70747,0
70807,0
70867,0
70927,0
70987,0
71047,0
71107,0
71167,0
71227,0
71287,0
71347,0
71407,0
71467,0
71527,0
71587,0
71647,0
71707,0
71767,0
71827,0
71887,0
71947,0
72007,0
72067,0
72127,0
72187,0
72247,0
72307,0
72367,0
72427,0
72487,0
72547,0
72607,0
72667,0
72727,0
72787,0
72847,0
72907,0
72967,0
73027,0
73087,0
73147,0
73207,0
73267,0
73327,0
73387,0
73447,0
73507,0
73567,0
73627,0
73687,0
73747,0
73807,0
73867,0
73927,0
73987,0
74047,0
74107,0
74167,0
74227,0
74287,0
74347,0
74407,0
74467,0
74527,0
74587,0
74647,0
74707,0
74767,0
74827,0
74887,0
74947,0
75007,0
75067,0
75127,0
75187,0
75247,0
75307,0
75367,0
75427,0
75487,0
75547,0
75607,0
75667,0
75727,0
75787,0
75847,0
75907,0
75967,0
76027,0
76087,0
76147,0
76207,0
76267,0
76327,0
76387,0
76447,0
76507,0
76567,0
76627,0
76687,0
76747,0
76807,0
76867,0
76927,0
76987,0
77047,0
77107,0
77167,0
77227,0
77287,0
77347,0
77407,0
77467,0
77527,0
77587,0
77647,0
77707,0
77767,0
77827,0
77887,0
77947,0
78007,0
78067,0
78127,0
78187,0
78247,0
78307,0
78367,0
78427,0
78487,0
78547,0
78607,0
78667,0
78727,0
78787,0
78847,0
78907,0
78967,0
79027,0
79087,0
79147,0
79207,0
79267,0
79327,0
79387,0
79447,0
79507,0
79567,0
79627,0
79687,0
79747,0
79807,0
79867,0
79927,0
79987,0
80048,0
80108,0
80168,0
80228,0
80288,0
80348,0
80408,0
80468,0
80528,0
80588,0
80648,0
80708,0
80768,0
80828,0
80888,0
80948,0
81008,0
81068,0
81128,0
81188,0
81248,0
81308,0
81368,0
81428,0
81488,0
81548,0
81608,0
81668,0
81728,0
81788,0
81848,0
81908,0
81968,0
82028,0
82088,0
82148,0
82208,0
82268,0
82328,0
82388,0
82448,0
82508,0
82568,0
82628,0
82688,0
82748,0
82808,0
82868,0
82928,0
82988,0
83048,0
83108,0
83168,0
83228,0
83288,0
83348,0
83408,0
83468,0
83528,0
83588,0
83648,0
83708,0
83768,0
83828,0
83888,0
83948,0
84008,0
84068,0
84128,0
84188,0
84248,0
84308,0
84368,0
84428,0
84488,0
84548,0
84608,0
84668,0
84728,0
84788,0
84848,0
84908,0
84968,0
85028,0
85088,0
85148,0
85208,0
85268,0
85328,0
85388,0
85448,0
85508,0
85568,0
85628,0
85688,0
85748,0
85808,0
85868,0
85928,0
85988,0
86048,0
86108,0
86168,0
86228,0
86288,0
86348,0
86408,0
86468,0
86528,0
86588,0
86648,0
86708,0
86768,0
86828,0
86888,0
86948,0
87008,0
87068,0
87128,0
87188,0
87248,0
87308,0
87368,0
87428,0
87488,0
87548,0
87608,0
87668,0
87728,0
87788,0
87848,0
87908,0
87968,0
88028,0
88088,0
88148,0
88208,0
88268,0
88328,0
88388,0
88448,0
88508,0
88568,0
88628,0
88688,0
88748,0
88808,0
88868,0
88928,0
88988,0
89048,0
89108,0
89168,0
89228,0
89288,0
89348,0
89408,0
89468,0
89528,0
89588,0
89648,0
89708,0
89768,0
89828,0
89888,0
89948,0
90009,0
90069,0
90129,0
90189,0
90249,0
90309,0
90369,0
90429,0
90489,0
90549,0
90609,0
90669,0
90729,0
90789,0
90849,0
90909,0
90969,0
91029,0
91089,0
91149,0
91209,0
91269,0
91329,0
91389,0
91449,0
91509,0
91569,0
91629,0
91689,0
91749,0
91809,0
91869,0
91929,0
91989,0
92049,0
92109,0
92169,0
92229,0
92289,0
92349,0
92409,0
92469,0
92529,0
92589,0
92649,0
92709,0
92769,0
92829,0
92889,0
92949,0
93009,0
93069,0
93129,0
93189,0
93249,0
93309,0
93369,0
93429,0
93489,0
93549,0
93609,0
93669,0
93729,0
93789,0
93849,0
93909,0
93969,0
94029,0
94089,0
94149,0
94209,0
94269,0
94329,0
94389,0
94449,0
94509,0
94569,0
94629,0
94689,0
94749,0
94809,0
94869,0
94929,0
94989,0
95049,0
95109,0
95169,0
95229,0
95289,0
95349,0
95409,0
95469,0
95529,0
95589,0
95649,0
95709,0
95769,0
95829,0
95889,0
95949,0
96009,0
96069,0
96129,0
96189,0
96249,0
96309,0
96369,0
96429,0
96489,0
96549,0
96609,0
96669,0
96729,0
96789,0
96849,0
96909,0
96969,0
97029,0
97089,0
97149,0
97209,0
97269,0
97329,0
97389,0
97449,0
97509,0
97569,0
97629,0
97689,0
97749,0
97809,0
97869,0
97929,0
97989,0
98049,0
98109,0
98169,0
98229,0
98289,0
98349,0
98409,0
98469,0
98529,0
98589,0
98649,0
98709,0
98769,0
98829,0
98889,0
98949,0
99009,0
99069,0
99129,0
99189,0
99249,0
99309,0
99369,0
99429,0
99489,0
99549,0
99609,0
99669,0
99729,0
99789,0
99849,0
99909,0
99969,0
100030,0
100090,0
100150,0
100210,0
100270,0
100330,0
100390,0
100450,0
100510,0
100570,0
100630,0
100690,0
100750,0
100810,0
100870,0
100930,0
100990,0
101050,0
101110,0
101170,0
101230,0
101290,0
101350,0
101410,0
101470,0
101530,0
101590,0
101650,0
101710,0
101770,0
101830,0
101890,0
101950,0
102010,0
102070,0
102130,0
102190,0
102250,0
102310,0
102370,0
102430,0
102490,0
102550,0
102610,0
102670,0
102730,0
102790,0
102850,0
102910,0
102970,0
103030,0
103090,0
103150,0
103210,0
103270,0
103330,0
103390,0
103450,0
103510,0
103570,0
103630,0
103690,0
103750,0
103810,0
103870,0
103930,0
103990,0
104050,0
104110,0
104170,0
104230,0
104290,0
104350,0
104410,0
104470,0
104530,0
104590,0
104650,0
104710,0
104770,0
104830,0
104890,0
104950,0
105010,0
105070,0
105130,0
105190,0
105250,0
105310,0
105370,0
105430,0
105490,0
105550,0
105610,0
105670,0
105730,0
105790,0
105850,0
105910,0
105970,0
106030,0
106090,0
106150,0
106210,0
106270,0
106330,0
106390,0
106450,0
106510,0
106570,0
106630,0
106690,0
106750,0
106810,0
106870,0
106930,0
106990,0
107050,0
107110,0
107170,0
107230,0
107290,0
107350,0
107410,0
107470,0
107530,0
107590,0
107650,0
107710,0
107770,0
107830,0
107890,0
107950,0
108010,0
108070,0
108130,0
108190,0
108250,0
108310,0
108370,0
108430,0
108490,0
108550,0
108610,0
108670,0
108730,0
108790,0
108850,0
108910,0
108970,0
109030,0
109090,0
109150,0
109210,0
109270,0
109330,0
109390,0
109450,0
109510,0
109570,0
109630,0
109690,0
109750,0
109810,0
109870,0
109930,0
109990,0
110051,0
110111,0
110171,0
110231,0
110291,0
110351,0
110411,0
110471,0
110531,0
110591,0
110651,0
110711,0
110771,0
110831,0
110891,0
110951,0
111011,0
111071,0
111131,0
111191,0
111251,0
111311,0
111371,0
111431,0
111491,0
111551,0
111611,0
111671,0
111731,0
111791,0
111851,0
111911,0
111971,0
112031,0
112091,0
112151,0
112211,0
112271,0
112331,0
112391,0
112451,0
112511,0
112571,0
112631,0
112691,0
112751,0
112811,0
112871,0
112931,0
112991,0
113051,0
113111,0
113171,0
113231,0
113291,0
113351,0
113411,0
113471,0
113531,0
113591,0
113651,0
113711,0
113771,0
113831,0
113891,0
113951,0
114011,0
114071,0
114131,0
114191,0
114251,0
114311,0
114371,0
114431,0
114491,0
114551,0
114611,0
114671,0
114731,0
114791,0
114851,0
114911,0
114971,0
115031,0
115091,0
115151,0
115211,0
115271,0
115331,0
115391,0
115451,0
115511,0
115571,0
115631,0
115691,0
115751,0
115811,0
115871,0
115931,0
115991,0
116051,0
116111,0
116171,0
116231,0
116291,0
116351,0
116411,0
116471,0
116531,0
116591,0
116651,0
116711,0
116771,0
116831,0
116891,0
116951,0
117011,0
117071,0
117131,0
117191,0
117251,0
117311,0
117371,0
117431,0
117491,0
117551,0
117611,0
117671,0
117731,0
117791,0
117851,0
117911,0
117971,0
118031,0
118091,0
118151,0
118211,0
118271,0
118331,0
118391,0
118451,0
118511,0
118571,0
118631,0
118691,0
118751,0
118811,0
118871,0
118931,0
118991,0
119051,0
119111,0
119171,0
119231,0
119291,0
119351,0
119411,0
119471,0
119531,0
119591,0
119651,0
119711,0
119771,0
119831,0
119891,0
119951,0
120012,0
120072,0
120132,0
120192,0
120252,0
120312,0
120372,0
120432,0
120492,0
120552,0
120612,0
120672,0
120732,0
120792,0
120852,0
120912,0
120972,0
121032,0
121092,0
121152,0
121212,0
121272,0
121332,0
121392,0
121452,0
121512,0
121572,0
121632,0
121692,0
121752,0
121812,0
121872,0
121932,0
121992,0
122052,0
122112,0
122172,0
122232,0
122292,0
122352,0
122412,0
122472,0
122532,0
122592,0
122652,0
122712,0
122772,0
122832,0
122892,0
122952,0
123012,0
123072,0
123132,0
123192,0
123252,0
123312,0
123372,0
123432,0
123492,0
123552,0
123612,0
123672,0
123732,0
123792,0
123852,0
123912,0
123972,0
124032,0
124092,0
124152,0
124212,0
124272,0
124332,0
124392,0
124452,0
124512,0
124572,0
124632,0
124692,0
124752,0
124812,0
124872,0
124932,0
124992,0
125052,0
125112,0
125172,0
125232,0
125292,0
125352,0
125412,0
125472,0
125532,0
125592,0
125652,0
125712,0
125772,0
125832,0
125892,0
125952,0
126012,0
126072,0
126132,0
126192,0
126252,0
126312,0
126372,0
126432,0
126492,0
126552,0
126612,0
126672,0
126732,0
126792,0
126852,0
126912,0
126972,0
127032,0
127092,0
127152,0
127212,0
127272,0
127332,0
127392,0
127452,0
127512,0
127572,0
127632,0
127692,0
127752,0
127812,0
127872,0
127932,0
127992,0
128052,0
128112,0
128172,0
128232,0
128292,0
128352,0
128412,0
128472,0
128532,0
128592,0
128652,0
128712,0
128772,0
128832,0
128892,0
128952,0
129012,0
129072,0
129132,0
129192,0
129252,0
129312,0
129372,0
129432,0
129492,0
129552,0
129612,0
129672,0
129732,0
129792,0
129852,0
129912,0
129972,0
130033,0
130093,0
130153,0
130213,0
130273,0
130333,0
130393,0
130453,0
130513,0
130573,0
130633,0
130693,0
130753,0
130813,0
130873,0
130933,0
130993,0
131053,0
131113,0
131173,0
131233,0
131293,0
131353,0
131413,0
131473,0
131533,0
131593,0
131653,0
131713,0
131773,0
131833,0
131893,0
131953,0
132013,0
132073,0
132133,0
132193,0
132253,0
132313,0
132373,0
132433,0
132493,0
132553,0
132613,0
132673,0
132733,0
132793,0
132853,0
132913,0
132973,0
133033,0
133093,0
133153,0
133213,0
133273,0
133333,0
133393,0
133453,0
133513,0
133573,0
133633,0
133693,0
133753,0
133813,0
133873,0
133933,0
133993,0
134053,0
134113,0
134173,0
134233,0
134293,0
134353,0
134413,0
134473,0
134533,0
134593,0
134653,0
134713,0
134773,0
134833,0
134893,0
134953,0
135013,0
135073,0
135133,0
135193,0
135253,0
135313,0
135373,0
135433,0
135493,0
135553,0
135613,0
135673,0
135733,0
135793,0
135853,0
135913,0
135973,0
136033,0
136093,0
136153,0
136213,0
136273,0
136333,0
136393,0
136453,0
136513,0
136573,0
136633,0
136693,0
136753,0
136813,0
136873,0
136933,0
136993,0
137053,0
137113,0
137173,0
137233,0
137293,0
137353,0
137413,0
137473,0
137533,0
137593,0
137653,0
137713,0
137773,0
137833,0
137893,0
137953,0
138013,0
138073,0
138133,0
138193,0
138253,0
138313,0
138373,0
138433,0
138493,0
138553,0
138613,0
138673,0
138733,0
138793,0
138853,0
138913,0
138973,0
139033,0
139093,0
139153,0
139213,0
139273,0
139333,0
139393,0
139453,0
139513,0
139573,0
139633,0
139693,0
139753,0
139813,0
139873,0
139933,0
139993,0
140054,0
140114,0
140174,0
140234,0
140294,0
140354,0
140414,0
140474,0
140534,0
140594,0
140654,0
140714,0
140774,0
140834,0
140894,0
140954,0
141014,0
141074,0
141134,0
141194,0
141254,0
141314,0
141374,0
141434,0
141494,0
141554,0
141614,0
141674,0
141734,0
141794,0
141854,0
141914,0
141974,0
142034,0
142094,0
142154,0
142214,0
142274,0
142334,0
142394,0
142454,0
142514,0
142574,0
142634,0
142694,0
142754,0
142814,0
142874,0
142934,0
142994,0
143054,0
143114,0
143174,0
143234,0
143294,0
143354,0
143414,0
143474,0
143534,0
143594,0
143654,0
143714,0
143774,0
143834,0
143894,0
143954,0
144014,0
144074,0
144134,0
144194,0
144254,0
144314,0
144374,0
144434,0
144494,0
144554,0
144614,0
144674,0
144734,0
144794,0
144854,0
144914,0
144974,0
145034,0
145094,0
145154,0
145214,0
145274,0
145334,0
145394,0
145454,0
145514,0
145574,0
145634,0
145694,0
145754,0
145814,0
145874,0
145934,0
145994,0
146054,0
146114,0
146174,0
146234,0
146294,0
146354,0
146414,0
146474,0
146534,0
146594,0
146654,0
146714,0
146774,0
146834,0
146894,0
146954,0
147014,0
147074,0
147134,0
147194,0
147254,0
147314,0
147374,0
147434,0
147494,0
147554,0
147614,0
147674,0
147734,0
147794,0
147854,0
147914,0
147974,0
148034,0
148094,0
148154,0
148214,0
148274,0
148334,0
148394,0
148454,0
148514,0
148574,0
148634,0
148694,0
148754,0
148814,0
148874,0
148934,0
148994,0
149054,0
149114,0
149174,0
149234,0
149294,0
149354,0
149414,0
149474,0
149534,0
149594,0
149654,0
149714,0
149774,0
149834,0
149894,0
149954,0
150015,0
150075,0
150135,0
150195,0
150255,0
150315,0
150375,0
150435,0
150495,0
150555,0
150615,0
150675,0
150735,0
150795,0
150855,0
150915,0
150975,0
151035,0
151095,0
151155,0
151215,0
151275,0
151335,0
151395,0
151455,0
151515,0
151575,0
151635,0
151695,0
151755,0
151815,0
151875,0
151935,0
151995,0
152055,0
152115,0
152175,0
152235,0
152295,0
152355,0
152415,0
152475,0
152535,0
152595,0
152655,0
152715,0
152775,0
152835,0
152895,0
152955,0
153015,0
153075,0
153135,0
153195,0
153255,0
153315,0
153375,0
153435,0
153495,0
153555,0
153615,0
153675,0
153735,0
153795,0
153855,0
153915,0
153975,0
154035,0
154095,0
154155,0
154215,0
154275,0
154335,0
154395,0
154455,0
154515,0
154575,0
154635,0
154695,0
154755,0
154815,0
154875,0
154935,0
154995,0
155055,0
155115,0
155175,0
155235,0
155295,0
155355,0
155415,0
155475,0
155535,0
155595,0
155655,0
155715,0
155775,0
155835,0
155895,0
155955,0
156015,0
156075,0
156135,0
156195,0
156255,0
156315,0
156375,0
156435,0
156495,0
156555,0
156615,0
156675,0
156735,0
156795,0
156855,0
156915,0
156975,0
157035,0
157095,0
157155,0
157215,0
157275,0
157335,0
157395,0
157455,0
157515,0
157575,0
157635,0
157695,0
157755,0
157815,0
157875,0
157935,0
157995,0
158055,0
158115,0
158175,0
158235,0
158295,0
158355,0
158415,0
158475,0
158535,0
158595,0
158655,0
158715,0
158775,0
158835,0
158895,0
158955,0
159015,0
159075,0
159135,0
159195,0
159255,0
159315,0
159375,0
159435,0
159495,0
159555,0
159615,0
159675,0
159735,0
159795,0
159855,0
159915,0
159975,0
160036,0
160096,0
160156,0
160216,0
160276,0
160336,0
160396,0
160456,0
160516,0
160576,0
160636,0
160696,0
160756,0
160816,0
160876,0
160936,0
160996,0
161056,0
161116,0
161176,0
161236,0
161296,0
161356,0
161416,0
161476,0
161536,0
161596,0
161656,0
161716,0
161776,0
161836,0
161896,0
161956,0
162016,0
162076,0
162136,0
162196,0
162256,0
162316,0
162376,0
162436,0
162496,0
162556,0
162616,0
162676,0
162736,0
162796,0
162856,0
162916,0
162976,0
163036,0
163096,0
163156,0
163216,0
163276,0
163336,0
163396,0
163456,0
163516,0
163576,0
163636,0
163696,0
163756,0
163816,0
163876,0
163936,0
163996,0
164056,0
164116,0
164176,0
164236,0
164296,0
164356,0
164416,0
164476,0
164536,0
164596,0
164656,0
164716,0
164776,0
164836,0
164896,0
164956,0
165016,0
165076,0
165136,0
165196,0
165256,0
165316,0
165376,0
165436,0
165496,0
165556,0
165616,0
165676,0
165736,0
165796,0
165856,0
165916,0
165976,0
166036,0
166096,0
166156,0
166216,0
166276,0
166336,0
166396,0
166456,0
166516,0
166576,0
166636,0
166696,0
166756,0
166816,0
166876,0
166936,0
166996,0
167056,0
167116,0
167176,0
167236,0
167296,0
167356,0
167416,0
167476,0
167536,0
167596,0
167656,0
167716,0
167776,0
167836,0
167896,0
167956,0
168016,0
168076,0
168136,0
168196,0
168256,0
168316,0
168376,0
168436,0
168496,0
168556,0
168616,0
168676,0
168736,0
168796,0
168856,0
168916,0
168976,0
169036,0
169096,0
169156,0
169216,0
169276,0
169336,0
169396,0
169456,0
169516,0
169576,0
169636,0
169696,0
169756,0
169816,0
169876,0
169936,0
169996,0
170057,0
170117,0
170177,0
170237,0
170297,0
170357,0
170417,0
170477,0
170537,0
170597,0
170657,0
170717,0
170777,0
170837,0
170897,0
170957,0
171017,0
171077,0
171137,0
171197,0
171257,0
171317,0
171377,0
171437,0
171497,0
171557,0
171617,0
171677,0
171737,0
171797,0
171857,0
171917,0
171977,0
172037,0
172097,0
172157,0
172217,0
172277,0
172337,0
172397,0
172457,0
172517,0
172577,0
172637,0
172697,0
172757,0
172817,0
172877,0
172937,0
172997,0
173057,0
173117,0
173177,0
173237,0
173297,0
173357,0
173417,0
173477,0
173537,0
173597,0
173657,0
173717,0
173777,0
173837,0
173897,0
173957,0
174017,0
174077,0
174137,0
174197,0
174257,0
174317,0
174377,0
174437,0
174497,0
174557,0
174617,0
174677,0
174737,0
174797,0
174857,0
174917,0
174977,0
175037,0
175097,0
175157,0
175217,0
175277,0
175337,0
175397,0
175457,0
175517,0
175577,0
175637,0
175697,0
175757,0
175817,0
175877,0
175937,0
175997,0
176057,0
176117,0
176177,0
176237,0
176297,0
176357,0
176417,0
176477,0
176537,0
176597,0
176657,0
176717,0
176777,0
176837,0
176897,0
176957,0
177017,0
177077,0
177137,0
177197,0
177257,0
177317,0
177377,0
177437,0
177497,0
177557,0
177617,0
177677,0
177737,0
177797,0
177857,0
177917,0
177977,0
178037,0
178097,0
178157,0
178217,0
178277,0
178337,0
178397,0
178457,0
178517,0
178577,0
178637,0
178697,0
178757,0
178817,0
178877,0
178937,0
178997,0
179057,0
179117,0
179177,0
179237,0
179297,0
179357,0
179417,0
179477,0
179537,0
179597,0
179657,0
179717,0
179777,0
179837,0
179897,0
179957,0
180018,0
180078,0
180138,0
180198,0
180258,0
180318,0
180378,0
180438,0
180498,0
180558,0
180618,0
180678,0
180738,0
180798,0
180858,0
180918,0
180978,0
181038,0
181098,0
181158,0
181218,0
181278,0
181338,0
181398,0
181458,0
181518,0
181578,0
181638,0
181698,0
181758,0
181818,0
181878,0
181938,0
181998,0
182058,0
182118,0
182178,0
182238,0
182298,0
182358,0
182418,0
182478,0
182538,0
182598,0
182658,0
182718,0
182778,0
182838,0
182898,0
182958,0
183018,0
183078,0
183138,0
183198,0
183258,0
183318,0
183378,0
183438,0
183498,0
183558,0
183618,0
183678,0
183738,0
183798,0
183858,0
183918,0
183978,0
184038,0
184098,0
184158,0
184218,0
184278,0
184338,0
184398,0
184458,0
184518,0
184578,0
184638,0
184698,0
184758,0
184818,0
184878,0
184938,0
184998,0
185058,0
185118,0
185178,0
185238,0
185298,0
185358,0
185418,0
185478,0
185538,0
185598,0
185658,0
185718,0
185778,0
185838,0
185898,0
185958,0
186018,0
186078,0
186138,0
186198,0
186258,0
186318,0
186378,0
186438,0
186498,0
186558,0
186618,0
186678,0
186738,0
186798,0
186858,0
186918,0
186978,0
187038,0
187098,0
187158,0
187218,0
187278,0
187338,0
187398,0
187458,0
187518,0
187578,0
187638,0
187698,0
187758,0
187818,0
187878,0
187938,0
187998,0
188058,0
188118,0
188178,0
188238,0
188298,0
188358,0
188418,0
188478,0
188538,0
188598,0
188658,0
188718,0
188778,0
188838,0
188898,0
188958,0
189018,0
189078,0
189138,0
189198,0
189258,0
189318,0
189378,0
189438,0
189498,0
189558,0
189618,0
189678,0
189738,0
189798,0
189858,0
189918,0
189978,0
190039,0
190099,0
190159,0
190219,0
190279,0
190339,0
190399,0
190459,0
190519,0
190579,0
190639,0
190699,0
190759,0
190819,0
190879,0
190939,0
190999,0
191059,0
191119,0
191179,0
191239,0
191299,0
191359,0
191419,0
191479,0
191539,0
191599,0
191659,0
191719,0
191779,0
191839,0
191899,0
191959,0
192019,0
192079,0
192139,0
192199,0
192259,0
192319,0
192379,0
192439,0
192499,0
192559,0
192619,0
192679,0
192739,0
192799,0
192859,0
192919,0
192979,0
193039,0
193099,0
193159,0
193219,0
193279,0
193339,0
193399,0
193459,0
193519,0
193579,0
193639,0
193699,0
193759,0
193819,0
193879,0
193939,0
193999,0
194059,0
194119,0
194179,0
194239,0
194299,0
194359,0
194419,0
194479,0
194539,0
194599,0
194659,0
194719,0
194779,0
194839,0
194899,0
194959,0
195019,0
195079,0
195139,0
195199,0
195259,0
195319,0
195379,0
195439,0
195499,0
195559,0
195619,0
195679,0
195739,0
195799,0
195859,0
195919,0
195979,0
196039,0
196099,0
196159,0
196219,0
196279,0
196339,0
196399,0
196459,0
196519,0
196579,0
196639,0
196699,0
196759,0
196819,0
196879,0
196939,0
196999,0
197059,0
197119,0
197179,0
197239,0
197299,0
197359,0
197419,0
197479,0
197539,0
197599,0
197659,0
197719,0
197779,0
197839,0
197899,0
197959,0
198019,0
198079,0
198139,0
198199,0
198259,0
198319,0
198379,0
198439,0
198499,0
198559,0
198619,0
198679,0
198739,0
198799,0
198859,0
198919,0
198979,0
199039,0
199099,0
199159,0
199219,0
199279,0
199339,0
199399,0
199459,0
199519,0
199579,0
199639,0
199699,0
199759,0
199819,0
199879,0
199939,0
200000,0
200060,0
200120,0
200180,0
200240,0
200300,0
200360,0
200420,0
200480,0
200540,0
200600,0
200660,0
200720,0
200780,0
200840,0
200900,0
200960,0
201020,0
201080,0
201140,0
201200,0
201260,0
201320,0
201380,0
201440,0
201500,0
201560,0
201620,0
201680,0
201740,0
201800,0
201860,0
201920,0
201980,0
202040,0
202100,0
202160,0
202220,0
202280,0
202340,0
202400,0
202460,0
202520,0
202580,0
202640,0
202700,0
202760,0
202820,0
202880,0
202940,0
203000,0
203060,0
203120,0
203180,0
203240,0
203300,0
203360,0
203420,0
203480,0
203540,0
203600,0
203660,0
203720,0
203780,0
203840,0
203900,0
203960,0
204020,0
204080,0
204140,0
204200,0
204260,0
204320,0
204380,0
204440,0
204500,0
204560,0
204620,0
204680,0
204740,0
204800,0
204860,0
204920,0
204980,0
205040,0
205100,0
205160,0
205220,0
205280,0
205340,0
205400,0
205460,0
205520,0
205580,0
205640,0
205700,0
205760,0
205820,0
205880,0
205940,0
206000,0
206060,0
206120,0
206180,0
206240,0
206300,0
206360,0
206420,0
206480,0
206540,0
206600,0
206660,0
206720,0
206780,0
206840,0
206900,0
206960,0
207020,0
207080,0
207140,0
207200,0
207260,0
207320,0
207380,0
207440,0
207500,0
207560,0
207620,0
207680,0
207740,0
207800,0
207860,0
207920,0
207980,0
208040,0
208100,0
208160,0
208220,0
208280,0
208340,0
208400,0
208460,0
208520,0
208580,0
208640,0
208700,0
208760,0
208820,0
208880,0
208940,0
209000,0
209060,0
209120,0
209180,0
209240,0
209300,0
209360,0
209420,0
209480,0
209540,0
209600,0
209660,0
209720,0
209780,0
209840,0
209900,0
209960,0
210021,0
210081,0
210141,0
210201,0
210261,0
210321,0
210381,0
210441,0
210501,0
210561,0
210621,0
210681,0
210741,0
210801,0
210861,0
210921,0
210981,0
211041,0
211101,0
211161,0
211221,0
211281,0
211341,0
211401,0
211461,0
211521,0
211581,0
211641,0
211701,0
211761,0
211821,0
211881,0
211941,0
212001,0
212061,0
212121,0
212181,0
212241,0
212301,0
212361,0
212421,0
212481,0
212541,0
212601,0
212661,0
212721,0
212781,0
212841,0
212901,0
212961,0
213021,0
213081,0
213141,0
213201,0
213261,0
213321,0
213381,0
213441,0
213501,0
213561,0
213621,0
213681,0
213741,0
213801,0
213861,0
213921,0
213981,0
214041,0
214101,0
214161,0
214221,0
214281,0
214341,0
214401,0
214461,0
214521,0
214581,0
214641,0
214701,0
214761,0
214821,0
214881,0
214941,0
215001,0
215061,0
215121,0
215181,0
215241,0
215301,0
215361,0
215421,0
215481,0
215541,0
215601,0
215661,0
215721,0
215781,0
215841,0
215901,0
215961,0
216021,0
216081,0
216141,0
216201,0
216261,0
216321,0
216381,0
216441,0
216501,0
216561,0
216621,0
216681,0
216741,0
216801,0
216861,0
216921,0
216981,0
217041,0
217101,0
217161,0
217221,0
217281,0
217341,0
217401,0
217461,0
217521,0
217581,0
217641,0
217701,0
217761,0
217821,0
217881,0
217941,0
218001,0
218061,0
218121,0
218181,0
218241,0
218301,0
218361,0
218421,0
218481,0
218541,0
218601,0
218661,0
218721,0
218781,0
218841,0
218901,0
218961,0
219021,0
219081,0
219141,0
219201,0
219261,0
219321,0
219381,0
219441,0
219501,0
219561,0
219621,0
219681,0
219741,0
219801,0
219861,0
219921,0
219981,0
220042,0
220102,0
220162,0
220222,0
220282,0
220342,0
220402,0
220462,0
220522,0
220582,0
220642,0
220702,0
220762,0
220822,0
220882,0
220942,0
221002,0
221062,0
221122,0
221182,0
221242,0
221302,0
221362,0
221422,0
221482,0
221542,0
221602,0
221662,0
221722,0
221782,0
221842,0
221902,0
221962,0
222022,0
222082,0
222142,0
222202,0
222262,0
222322,0
222382,0
222442,0
222502,0
222562,0
222622,0
222682,0
222742,0
222802,0
222862,0
222922,0
222982,0
223042,0
223102,0
223162,0
223222,0
223282,0
223342,0
223402,0
223462,0
223522,0
223582,0
223642,0
223702,0
223762,0
223822,0
223882,0
223942,0
224002,0
224062,0
224122,0
224182,0
224242,0
224302,0
224362,0
224422,0
224482,0
224542,0
224602,0
224662,0
224722,0
224782,0
224842,0
224902,0
224962,0
225022,0
225082,0
225142,0
225202,0
225262,0
225322,0
225382,0
225442,0
225502,0
225562,0
225622,0
225682,0
225742,0
225802,0
225862,0
225922,0
225982,0
226042,0
226102,0
226162,0
226222,0
226282,0
226342,0
226402,0
226462,0
226522,0
226582,0
226642,0
226702,0
226762,0
226822,0
226882,0
226942,0
227002,0
227062,0
227122,0
227182,0
227242,0
227302,0
227362,0
227422,0
227482,0
227542,0
227602,0
227662,0
227722,0
227782,0
227842,0
227902,0
227962,0
228022,0
228082,0
228142,0
228202,0
228262,0
228322,0
228382,0
228442,0
228502,0
228562,0
228622,0
228682,0
228742,0
228802,0
228862,0
228922,0
228982,0
229042,0
229102,0
229162,0
229222,0
229282,0
229342,0
229402,0
229462,0
229522,0
229582,0
229642,0
229702,0
229762,0
229822,0
229882,0
229942,0
230003,0
230063,0
230123,0
230183,0
230243,0
230303,0
230363,0
230423,0
230483,0
230543,0
230603,0
230663,0
230723,0
230783,0
230843,0
230903,0
230963,0
231023,0
231083,0
231143,0
231203,0
231263,0
231323,0
231383,0
231443,0
231503,0
231563,0
231623,0
231683,0
231743,0
231803,0
231863,0
231923,0
231983,0
232043,0
232103,0
232163,0
232223,0
232283,0
232343,0
232403,0
232463,0
232523,0
232583,0
232643,0
232703,0
232763,0
232823,0
232883,0
232943,0
233003,0
233063,0
233123,0
233183,0
233243,0
233303,0
233363,0
233423,0
233483,0
233543,0
233603,0
233663,0
233723,0
233783,0
233843,0
233903,0
233963,0
234023,0
234083,0
234143,0
234203,0
234263,0
234323,0
234383,0
234443,0
234503,0
234563,0
234623,0
234683,0
234743,0
234803,0
234863,0
234923,0
234983,0
235043,0
235103,0
235163,0
235223,0
235283,0
235343,0
235403,0
235463,0
235523,0
235583,0
235643,0
235703,0
235763,0
235823,0
235883,0
235943,0
236003,0
236063,0
236123,0
236183,0
236243,0
236303,0
236363,0
236423,0
236483,0
236543,0
236603,0
236663,0
236723,0
236783,0
236843,0
236903,0
236963,0
237023,0
237083,0
237143,0
237203,0
237263,0
237323,0
237383,0
237443,0
237503,0
237563,0
237623,0
237683,0
237743,0
237803,0
237863,0
237923,0
237983,0
238043,0
238103,0
238163,0
238223,0
238283,0
238343,0
238403,0
238463,0
238523,0
238583,0
238643,0
238703,0
238763,0
238823,0
238883,0
238943,0
239003,0
239063,0
239123,0
239183,0
239243,0
239303,0
239363,0
239423,0
239483,0
239543,0
239603,0
239663,0
239723,0
239783,0
239843,0
239903,0
239963,0
240024,0
240084,0
240144,0
240204,0
240264,0
240324,0
240384,0
240444,0
240504,0
240564,0
240624,0
240684,0
240744,0
240804,0
240864,0
240924,0
240984,0
241044,0
241104,0
241164,0
241224,0
241284,0
241344,0
241404,0
241464,0
241524,0
241584,0
241644,0
241704,0
241764,0
241824,0
241884,0
241944,0
242004,0
242064,0
242124,0
242184,0
242244,0
242304,0
242364,0
242424,0
242484,0
242544,0
242604,0
242664,0
242724,0
242784,0
242844,0
242904,0
242964,0
243024,0
243084,0
243144,0
243204,0
243264,0
243324,0
243384,0
243444,0
243504,0
243564,0
243624,0
243684,0
243744,0
243804,0
243864,0
243924,0
243984,0
244044,0
244104,0
244164,0
244224,0
244284,0
244344,0
244404,0
244464,0
244524,0
244584,0
244644,0
244704,0
244764,0
244824,0
244884,0
244944,0
245004,0
245064,0
245124,0
245184,0
245244,0
245304,0
245364,0
245424,0
245484,0
245544,0
245604,0
245664,0
245724,0
245784,0
245844,0
245904,0
245964,0
246024,0
246084,0
246144,0
246204,0
246264,0
246324,0
246384,0
246444,0
246504,0
246564,0
246624,0
246684,0
246744,0
246804,0
246864,0
246924,0
246984,0
247044,0
247104,0
247164,0
247224,0
247284,0
247344,0
247404,0
247464,0
247524,0
247584,0
247644,0
247704,0
247764,0
247824,0
247884,0
247944,0
248004,0
248064,0
248124,0
248184,0
248244,0
248304,0
248364,0
248424,0
248484,0
248544,0
248604,0
248664,0
248724,0
248784,0
248844,0
248904,0
248964,0
249024,0
249084,0
249144,0
249204,0
249264,0
249324,0
249384,0
249444,0
249504,0
249564,0
249624,0
249684,0
249744,0
249804,0
249864,0
249924,0
249984,0
250045,0
250105,0
250165,0
250225,0
250285,0
250345,0
250405,0
250465,0
250525,0
250585,0
250645,0
250705,0
250765,0
250825,0
250885,0
250945,0
251005,0
251065,0
251125,0
251185,0
251245,0
251305,0
251365,0
251425,0
251485,0
251545,0
251605,0
251665,0
251725,0
251785,0
251845,0
251905,0
251965,0
252025,0
252085,0
252145,0
252205,0
252265,0
252325,0
252385,0
252445,0
252505,0
252565,0
252625,0
252685,0
252745,0
252805,0
252865,0
252925,0
252985,0
253045,0
253105,0
253165,0
253225,0
253285,0
253345,0
253405,0
253465,0
253525,0
253585,0
253645,0
253705,0
253765,0
253825,0
253885,0
253945,0
254005,0
254065,0
254125,0
254185,0
254245,0
254305,0
254365,0
254425,0
254485,0
254545,0
254605,0
254665,0
254725,0
254785,0
254845,0
254905,0
254965,0
255025,0
255085,0
255145,0
255205,0
255265,0
255325,0
255385,0
255445,0
255505,0
255565,0
255625,0
255685,0
255745,0
255805,0
255865,0
255925,0
255985,0
256045,0
256105,0
256165,0
256225,0
256285,0
256345,0
256405,0
256465,0
256525,0
256585,0
256645,0
256705,0
256765,0
256825,0
256885,0
256945,0
257005,0
257065,0
257125,0
257185,0
257245,0
257305,0
257365,0
257425,0
257485,0
257545,0
257605,0
257665,0
257725,0
257785,0
257845,0
257905,0
257965,0
258025,0
258085,0
258145,0
258205,0
258265,0
258325,0
258385,0
258445,0
258505,0
258565,0
258625,0
258685,0
258745,0
258805,0
258865,0
258925,0
258985,0
259045,0
259105,0
259165,0
259225,0
259285,0
259345,0
259405,0
259465,0
259525,0
259585,0
259645,0
259705,0
259765,0
259825,0
259885,0
259945,0
260006,0
260066,0
260126,0
260186,0
260246,0
260306,0
260366,0
260426,0
260486,0
260546,0
260606,0
260666,0
260726,0
260786,0
260846,0
260906,0
260966,0
261026,0
261086,0
261146,0
261206,0
261266,0
261326,0
261386,0
261446,0
261506,0
261566,0
261626,0
261686,0
261746,0
261806,0
261866,0
261926,0
261986,0
262046,0
262106,0
262166,0
262226,0
262286,0
262346,0
262406,0
262466,0
262526,0
262586,0
262646,0
262706,0
262766,0
262826,0
262886,0
262946,0
263006,0
263066,0
263126,0
263186,0
263246,0
263306,0
263366,0
263426,0
263486,0
263546,0
263606,0
263666,0
263726,0
263786,0
263846,0
263906,0
263966,0
264026,0
264086,0
264146,0
264206,0
264266,0
264326,0
264386,0
264446,0
264506,0
264566,0
264626,0
264686,0
264746,0
264806,0
264866,0
264926,0
264986,0
265046,0
265106,0
265166,0
265226,0
265286,0
265346,0
265406,0
265466,0
265526,0
265586,0
265646,0
265706,0
265766,0
265826,0
265886,0
265946,0
266006,0
266066,0
266126,0
266186,0
266246,0
266306,0
266366,0
266426,0
266486,0
266546,0
266606,0
266666,0
266726,0
266786,0
266846,0
266906,0
266966,0
267026,0
267086,0
267146,0
267206,0
267266,0
267326,0
267386,0
267446,0
267506,0
267566,0
267626,0
267686,0
267746,0
267806,0
267866,0
267926,0
267986,0
268046,0
268106,0
268166,0
268226,0
268286,0
268346,0
268406,0
268466,0
268526,0
268586,0
268646,0
268706,0
268766,0
268826,0
268886,0
268946,0
269006,0
269066,0
269126,0
269186,0
269246,0
269306,0
269366,0
269426,0
269486,0
269546,0
269606,0
269666,0
269726,0
269786,0
269846,0
269906,0
269966,0
270027,0
270087,0
270147,0
270207,0
270267,0
270327,0
270387,0
270447,0
270507,0
270567,0
270627,0
270687,0
270747,0
270807,0
270867,0
270927,0
270987,0
271047,0
271107,0
271167,0
271227,0
271287,0
271347,0
271407,0
271467,0
271527,0
271587,0
271647,0
271707,0
271767,0
271827,0
271887,0
271947,0
272007,0
272067,0
272127,0
272187,0
272247,0
272307,0
272367,0
272427,0
272487,0
272547,0
272607,0
272667,0
272727,0
272787,0
272847,0
272907,0
272967,0
273027,0
273087,0
273147,0
273207,0
273267,0
273327,0
273387,0
273447,0
273507,0
273567,0
273627,0
273687,0
273747,0
273807,0
273867,0
273927,0
273987,0
274047,0
274107,0
274167,0
274227,0
274287,0
274347,0
274407,0
274467,0
274527,0
274587,0
274647,0
274707,0
274767,0
274827,0
274887,0
274947,0
275007,0
275067,0
275127,0
275187,0
275247,0
275307,0
275367,0
275427,0
275487,0
275547,0
275607,0
275667,0
275727,0
275787,0
275847,0
275907,0
275967,0
276027,0
276087,0
276147,0
276207,0
276267,0
276327,0
276387,0
276447,0
276507,0
276567,0
276627,0
276687,0
276747,0
276807,0
276867,0
276927,0
276987,0
277047,0
277107,0
277167,0
277227,0
277287,0
277347,0
277407,0
277467,0
277527,0
277587,0
277647,0
277707,0
277767,0
277827,0
277887,0
277947,0
278007,0
278067,0
278127,0
278187,0
278247,0
278307,0
278367,0
278427,0
278487,0
278547,0
278607,0
278667,0
278727,0
278787,0
278847,0
278907,0
278967,0
279027,0
279087,0
279147,0
279207,0
279267,0
279327,0
279387,0
279447,0
279507,0
279567,0
279627,0
279687,0
279747,0
279807,0
279867,0
279927,0
279987,0
280048,0
280108,0
280168,0
280228,0
280288,0
280348,0
280408,0
280468,0
280528,0
280588,0
280648,0
280708,0
280768,0
280828,0
280888,0
280948,0
281008,0
281068,0
281128,0
281188,0
281248,0
281308,0
281368,0
281428,0
281488,0
281548,0
281608,0
281668,0
281728,0
281788,0
281848,0
281908,0
281968,0
282028,0
282088,0
282148,0
282208,0
282268,0
282328,0
282388,0
282448,0
282508,0
282568,0
282628,0
282688,0
282748,0
282808,0
282868,0
282928,0
282988,0
283048,0
283108,0
283168,0
283228,0
283288,0
283348,0
283408,0
283468,0
283528,0
283588,0
283648,0
283708,0
283768,0
283828,0
283888,0
283948,0
284008,0
284068,0
284128,0
284188,0
284248,0
284308,0
284368,0
284428,0
284488,0
284548,0
284608,0
284668,0
284728,0
284788,0
284848,0
284908,0
284968,0
285028,0
285088,0
285148,0
285208,0
285268,0
285328,0
285388,0
285448,0
285508,0
285568,0
285628,0
285688,0
285748,0
285808,0
285868,0
285928,0
285988,0
286048,0
286108,0
286168,0
286228,0
286288,0
286348,0
286408,0
286468,0
286528,0
286588,0
286648,0
286708,0
286768,0
286828,0
286888,0
286948,0
287008,0
287068,0
287128,0
287188,0
287248,0
287308,0
287368,0
287428,0
287488,0
287548,0
287608,0
287668,0
287728,0
287788,0
287848,0
287908,0
287968,0
288028,0
288088,0
288148,0
288208,0
288268,0
288328,0
288388,0
288448,0
288508,0
288568,0
288628,0
288688,0
288748,0
288808,0
288868,0
288928,0
288988,0
289048,0
289108,0
289168,0
289228,0
289288,0
289348,0
289408,0
289468,0
289528,0
289588,0
289648,0
289708,0
289768,0
289828,0
289888,0
289948,0
290009,0
290069,0
290129,0
290189,0
290249,0
290309,0
290369,0
290429,0
290489,0
290549,0
290609,0
290669,0
290729,0
290789,0
290849,0
290909,0
290969,0
291029,0
291089,0
291149,0
291209,0
291269,0
291329,0
291389,0
291449,0
291509,0
291569,0
291629,0
291689,0
291749,0
291809,0
291869,0
291929,0
291989,0
292049,0
292109,0
292169,0
292229,0
292289,0
292349,0
292409,0
292469,0
292529,0
292589,0
292649,0
292709,0
292769,0
292829,0
292889,0
292949,0
293009,0
293069,0
293129,0
293189,0
293249,0
293309,0
293369,0
293429,0
293489,0
293549,0
293609,0
293669,0
293729,0
293789,0
293849,0
293909,0
293969,0
294029,0
294089,0
294149,0
294209,0
294269,0
294329,0
294389,0
294449,0
294509,0
294569,0
294629,0
294689,0
294749,0
294809,0
294869,0
294929,0
294989,0
295049,0
295109,0
295169,0
295229,0
295289,0
295349,0
295409,0
295469,0
295529,0
295589,0
295649,0
295709,0
295769,0
295829,0
295889,0
295949,0
296009,0
296069,0
296129,0
296189,0
296249,0
296309,0
296369,0
296429,0
296489,0
296549,0
296609,0
296669,0
296729,0
296789,0
296849,0
296909,0
296969,0
297029,0
297089,0
297149,0
297209,0
297269,0
297329,0
297389,0
297449,0
297509,0
297569,0
297629,0
297689,0
297749,0
297809,0
297869,0
297929,0
297989,0
298049,0
298109,0
298169,0
298229,0
298289,0
298349,0
298409,0
298469,0
298529,0
298589,0
298649,0
298709,0
298769,0
298829,0
298889,0
298949,0
299009,0
299069,0
299129,0
299189,0
299249,0
299309,0
299369,0
299429,0
299489,0
299549,0
299609,0
299669,0
299729,0
299789,0
299849,0
299909,0
299969,0
300030,0
300090,0
300150,0
300210,0
300270,0
300330,0
300390,0
300450,0
300510,0
300570,0
300630,0
300690,0
300750,0
300810,0
300870,0
300930,0
300990,0
301050,0
301110,0
301170,0
301230,0
301290,0
301350,0
301410,0
301470,0
301530,0
301590,0
301650,0
301710,0
301770,0
301830,0
301890,0
301950,0
302010,0
302070,0
302130,0
302190,0
302250,0
302310,0
302370,0
302430,0
302490,0
302550,0
302610,0
302670,0
302730,0
302790,0
302850,0
302910,0
302970,0
303030,0
303090,0
303150,0
303210,0
303270,0
303330,0
303390,0
303450,0
303510,0
303570,0
303630,0
303690,0
303750,0
303810,0
303870,0
303930,0
303990,0
304050,0
304110,0
304170,0
304230,0
304290,0
304350,0
304410,0
304470,0
304530,0
304590,0
304650,0
304710,0
304770,0
304830,0
304890,0
304950,0
305010,0
305070,0
305130,0
305190,0
305250,0
305310,0
305370,0
305430,0
305490,0
305550,0
305610,0
305670,0
305730,0
305790,0
305850,0
305910,0
305970,0
306030,0
306090,0
306150,0
306210,0
306270,0
306330,0
306390,0
306450,0
306510,0
306570,0
306630,0
306690,0
306750,0
306810,0
306870,0
306930,0
306990,0
307050,0
307110,0
307170,0
307230,0
307290,0
307350,0
307410,0
307470,0
307530,0
307590,0
307650,0
307710,0
307770,0
307830,0
307890,0
307950,0
308010,0
308070,0
308130,0
308190,0
308250,0
308310,0
308370,0
308430,0
308490,0
308550,0
308610,0
308670,0
308730,0
308790,0
308850,0
308910,0
308970,0
309030,0
309090,0
309150,0
309210,0
309270,0
309330,0
309390,0
309450,0
309510,0
309570,0
309630,0
309690,0
309750,0
309810,0
309870,0
309930,0
309990,0
310051,0
310111,0
310171,0
310231,0
310291,0
310351,0
310411,0
310471,0
310531,0
310591,0
310651,0
310711,0
310771,0
310831,0
310891,0
310951,0
311011,0
311071,0
311131,0
311191,0
311251,0
311311,0
311371,0
311431,0
311491,0
311551,0
311611,0
311671,0
311731,0
311791,0
311851,0
311911,0
311971,0
312031,0
312091,0
312151,0
312211,0
312271,0
312331,0
312391,0
312451,0
312511,0
312571,0
312631,0
312691,0
312751,0
312811,0
312871,0
312931,0
312991,0
313051,0
313111,0
313171,0
313231,0
313291,0
313351,0
313411,0
313471,0
313531,0
313591,0
313651,0
313711,0
313771,0
313831,0
313891,0
313951,0
314011,0
314071,0
314131,0
314191,0
314251,0
314311,0
314371,0
314431,0
314491,0
314551,0
314611,0
314671,0
314731,0
314791,0
314851,0
314911,0
314971,0
315031,0
315091,0
315151,0
315211,0
315271,0
315331,0
315391,0
315451,0
315511,0
315571,0
315631,0
315691,0
315751,0
315811,0
315871,0
315931,0
315991,0
316051,0
316111,0
316171,0
316231,0
316291,0
316351,0
316411,0
316471,0
316531,0
316591,0
316651,0
316711,0
316771,0
316831,0
316891,0
316951,0
317011,0
317071,0
317131,0
317191,0
317251,0
317311,0
317371,0
317431,0
317491,0
317551,0
317611,0
317671,0
317731,0
317791,0
317851,0
317911,0
317971,0
318031,0
318091,0
318151,0
318211,0
318271,0
318331,0
318391,0
318451,0
318511,0
318571,0
318631,0
318691,0
318751,0
318811,0
318871,0
318931,0
318991,0
319051,0
319111,0
319171,0
319231,0
319291,0
319351,0
319411,0
319471,0
319531,0
319591,0
319651,0
319711,0
319771,0
319831,0
319891,0
319951,0
320012,0
320072,0
320132,0
320192,0
320252,0
320312,0
320372,0
320432,0
320492,0
320552,0
320612,0
320672,0
320732,0
320792,0
320852,0
320912,0
320972,0
321032,0
321092,0
321152,0
321212,0
321272,0
321332,0
321392,0
321452,0
321512,0
321572,0
321632,0
321692,0
321752,0
321812,0
321872,0
321932,0
321992,0
322052,0
322112,0
322172,0
322232,0
322292,0
322352,0
322412,0
322472,0
322532,0
322592,0
322652,0
322712,0
322772,0
322832,0
322892,0
322952,0
323012,0
323072,0
323132,0
323192,0
323252,0
323312,0
323372,0
323432,0
323492,0
323552,0
323612,0
323672,0
323732,0
323792,0
323852,0
323912,0
323972,0
324032,0
324092,0
324152,0
324212,0
324272,0
324332,0
324392,0
324452,0
324512,0
324572,0
324632,0
324692,0
324752,0
324812,0
324872,0
324932,0
324992,0
325052,0
325112,0
325172,0
325232,0
325292,0
325352,0
325412,0
325472,0
325532,0
325592,0
325652,0
325712,0
325772,0
325832,0
325892,0
325952,0
326012,0
326072,0
326132,0
326192,0
326252,0
326312,0
326372,0
326432,0
326492,0
326552,0
326612,0
326672,0
326732,0
326792,0
326852,0
326912,0
326972,0
327032,0
327092,0
327152,0
327212,0
327272,0
327332,0
327392,0
327452,0
327512,0
327572,0
327632,0
327692,0
327752,0
327812,0
327872,0
327932,0
327992,0
328052,0
328112,0
328172,0
328232,0
328292,0
328352,0
328412,0
328472,0
328532,0
328592,0
328652,0
328712,0
328772,0
328832,0
328892,0
328952,0
329012,0
329072,0
329132,0
329192,0
329252,0
329312,0
329372,0
329432,0
329492,0
329552,0
329612,0
329672,0
329732,0
329792,0
329852,0
329912,0
329972,0
330033,0
330093,0
330153,0
330213,0
330273,0
330333,0
330393,0
330453,0
330513,0
330573,0
330633,0
330693,0
330753,0
330813,0
330873,0
330933,0
330993,0
331053,0
331113,0
331173,0
331233,0
331293,0
331353,0
331413,0
331473,0
331533,0
331593,0
331653,0
331713,0
331773,0
331833,0
331893,0
331953,0
332013,0
332073,0
332133,0
332193,0
332253,0
332313,0
332373,0
332433,0
332493,0
332553,0
332613,0
332673,0
332733,0
332793,0
332853,0
332913,0
332973,0
333033,0
333093,0
333153,0
333213,0
333273,0
333333,0
333393,0
333453,0
333513,0
333573,0
333633,0
333693,0
333753,0
333813,0
333873,0
333933,0
333993,0
334053,0
334113,0
334173,0
334233,0
334293,0
334353,0
334413,0
334473,0
334533,0
334593,0
334653,0
334713,0
334773,0
334833,0
334893,0
334953,0
335013,0
335073,0
335133,0
335193,0
335253,0
335313,0
335373,0
335433,0
335493,0
335553,0
335613,0
335673,0
335733,0
335793,0
335853,0
335913,0
335973,0
336033,0
336093,0
336153,0
336213,0
336273,0
336333,0
336393,0
336453,0
336513,0
336573,0
336633,0
336693,0
336753,0
336813,0
336873,0
336933,0
336993,0
337053,0
337113,0
337173,0
337233,0
337293,0
337353,0
337413,0
337473,0
337533,0
337593,0
337653,0
337713,0
337773,0
337833,0
337893,0
337953,0
338013,0
338073,0
338133,0
338193,0
338253,0
338313,0
338373,0
338433,0
338493,0
338553,0
338613,0
338673,0
338733,0
338793,0
338853,0
338913,0
338973,0
339033,0
339093,0
339153,0
339213,0
339273,0
339333,0
339393,0
339453,0
339513,0
339573,0
339633,0
339693,0
339753,0
339813,0
339873,0
339933,0
339993,0
340054,0
340114,0
340174,0
340234,0
340294,0
340354,0
340414,0
340474,0
340534,0
340594,0
340654,0
340714,0
340774,0
340834,0
340894,0
340954,0
341014,0
341074,0
341134,0
341194,0
341254,0
341314,0
341374,0
341434,0
341494,0
341554,0
341614,0
341674,0
341734,0
341794,0
341854,0
341914,0
341974,0
342034,0
342094,0
342154,0
342214,0
342274,0
342334,0
342394,0
342454,0
342514,0
342574,0
342634,0
342694,0
342754,0
342814,0
342874,0
342934,0
342994,0
343054,0
343114,0
343174,0
343234,0
343294,0
343354,0
343414,0
343474,0
343534,0
343594,0
343654,0
343714,0
343774,0
343834,0
343894,0
343954,0
344014,0
344074,0
344134,0
344194,0
344254,0
344314,0
344374,0
344434,0
344494,0
344554,0
344614,0
344674,0
344734,0
344794,0
344854,0
344914,0
344974,0
345034,0
345094,0
345154,0
345214,0
345274,0
345334,0
345394,0
345454,0
345514,0
345574,0
345634,0
345694,0
345754,0
345814,0
345874,0
345934,0
345994,0
346054,0
346114,0
346174,0
346234,0
346294,0
346354,0
346414,0
346474,0
346534,0
346594,0
346654,0
346714,0
346774,0
346834,0
346894,0
346954,0
347014,0
347074,0
347134,0
347194,0
347254,0
347314,0
347374,0
347434,0
347494,0
347554,0
347614,0
347674,0
347734,0
347794,0
347854,0
347914,0
347974,0
348034,0
348094,0
348154,0
348214,0
348274,0
348334,0
348394,0
348454,0
348514,0
348574,0
348634,0
348694,0
348754,0
348814,0
348874,0
348934,0
348994,0
349054,0
349114,0
349174,0
349234,0
349294,0
349354,0
349414,0
349474,0
349534,0
349594,0
349654,0
349714,0
349774,0
349834,0
349894,0
349954,0
350015,0
350075,0
350135,0
350195,0
350255,0
350315,0
350375,0
350435,0
350495,0
350555,0
350615,0
350675,0
350735,0
350795,0
350855,0
350915,0
350975,0
351035,0
351095,0
351155,0
351215,0
351275,0
351335,0
351395,0
351455,0
351515,0
351575,0
351635,0
351695,0
351755,0
351815,0
351875,0
351935,0
351995,0
352055,0
352115,0
352175,0
352235,0
352295,0
352355,0
352415,0
352475,0
352535,0
352595,0
352655,0
352715,0
352775,0
352835,0
352895,0
352955,0
353015,0
353075,0
353135,0
353195,0
353255,0
353315,0
353375,0
353435,0
353495,0
353555,0
353615,0
353675,0
353735,0
353795,0
353855,0
353915,0
353975,0
354035,0
354095,0
354155,0
354215,0
354275,0
354335,0
354395,0
354455,0
354515,0
354575,0
354635,0
354695,0
354755,0
354815,0
354875,0
354935,0
354995,0
355055,0
355115,0
355175,0
355235,0
355295,0
355355,0
355415,0
355475,0
355535,0
355595,0
355655,0
355715,0
355775,0
355835,0
355895,0
355955,0
356015,0
356075,0
356135,0
356195,0
356255,0
356315,0
356375,0
356435,0
356495,0
356555,0
356615,0
356675,0
356735,0
356795,0
356855,0
356915,0
356975,0
357035,0
357095,0
357155,0
357215,0
357275,0
357335,0
357395,0
357455,0
357515,0
357575,0
357635,0
357695,0
357755,0
357815,0
357875,0
357935,0
357995,0
358055,0
358115,0
358175,0
358235,0
358295,0
358355,0
358415,0
358475,0
358535,0
358595,0
358655,0
358715,0
358775,0
358835,0
358895,0
358955,0
359015,0
359075,0
359135,0
359195,0
359255,0
359315,0
359375,0
359435,0
359495,0
359555,0
359615,0
359675,0
359735,0
359795,0
359855,0
359915,0
359975,0
360036,0
360096,0
360156,0
360216,0
360276,0
360336,0
360396,0
360456,0
360516,0
360576,0
360636,0
360696,0
360756,0
360816,0
360876,0
360936,0
360996,0
361056,0
361116,0
361176,0
361236,0
361296,0
361356,0
361416,0
361476,0
361536,0
361596,0
361656,0
361716,0
361776,0
361836,0
361896,0
361956,0
362016,0
362076,0
362136,0
362196,0
362256,0
362316,0
362376,0
362436,0
362496,0
362556,0
362616,0
362676,0
362736,0
362796,0
362856,0
362916,0
362976,0
363036,0
363096,0
363156,0
363216,0
363276,0
363336,0
363396,0
363456,0
363516,0
363576,0
363636,0
363696,0
363756,0
363816,0
363876,0
363936,0
363996,0
364056,0
364116,0
364176,0
364236,0
364296,0
364356,0
364416,0
364476,0
364536,0
364596,0
364656,0
364716,0
364776,0
364836,0
364896,0
364956,0
365016,0
365076,0
365136,0
365196,0
365256,0
365316,0
365376,0
365436,0
365496,0
365556,0
365616,0
365676,0
365736,0
365796,0
365856,0
365916,0
365976,0
366036,0
366096,0
366156,0
366216,0
366276,0
366336,0
366396,0
366456,0
366516,0
366576,0
366636,0
366696,0
366756,0
366816,0
366876,0
366936,0
366996,0
367056,0
367116,0
367176,0
367236,0
367296,0
367356,0
367416,0
367476,0
367536,0
367596,0
367656,0
367716,0
367776,0
367836,0
367896,0
367956,0
368016,0
368076,0
368136,0
368196,0
368256,0
368316,0
368376,0
368436,0
368496,0
368556,0
368616,0
368676,0
368736,0
368796,0
368856,0
368916,0
368976,0
369036,0
369096,0
369156,0
369216,0
369276,0
369336,0
369396,0
369456,0
369516,0
369576,0
369636,0
369696,0
369756,0
369816,0
369876,0
369936,0
369996,0
370057,0
370117,0
370177,0
370237,0
370297,0
370357,0
370417,0
370477,0
370537,0
370597,0
370657,0
370717,0
370777,0
370837,0
370897,0
370957,0
371017,0
371077,0
371137,0
371197,0
371257,0
371317,0
371377,0
371437,0
371497,0
371557,0
371617,0
371677,0
371737,0
371797,0
371857,0
371917,0
371977,0
372037,0
372097,0
372157,0
372217,0
372277,0
372337,0
372397,0
372457,0
372517,0
372577,0
372637,0
372697,0
372757,0
372817,0
372877,0
372937,0
372997,0
373057,0
373117,0
373177,0
373237,0
373297,0
373357,0
373417,0
373477,0
373537,0
373597,0
373657,0
373717,0
373777,0
373837,0
373897,0
373957,0
374017,0
374077,0
374137,0
374197,0
374257,0
374317,0
374377,0
374437,0
374497,0
374557,0
374617,0
374677,0
374737,0
374797,0
374857,0
374917,0
374977,0
375037,0
375097,0
375157,0
375217,0
375277,0
375337,0
375397,0
375457,0
375517,0
375577,0
375637,0
375697,0
375757,0
375817,0
375877,0
375937,0
375997,0
376057,0
376117,0
376177,0
376237,0
376297,0
376357,0
376417,0
376477,0
376537,0
376597,0
376657,0
376717,0
376777,0
376837,0
376897,0
376957,0
377017,0
377077,0
377137,0
377197,0
377257,0
377317,0
377377,0
377437,0
377497,0
377557,0
377617,0
377677,0
377737,0
377797,0
377857,0
377917,0
377977,0
378037,0
378097,0
378157,0
378217,0
378277,0
378337,0
378397,0
378457,0
378517,0
378577,0
378637,0
378697,0
378757,0
378817,0
378877,0
378937,0
378997,0
379057,0
379117,0
379177,0
379237,0
379297,0
379357,0
379417,0
379477,0
379537,0
379597,0
379657,0
379717,0
379777,0
379837,0
379897,0
379957,0
380018,0
380078,0
380138,0
380198,0
380258,0
380318,0
380378,0
380438,0
380498,0
380558,0
380618,0
380678,0
380738,0
380798,0
380858,0
380918,0
380978,0
381038,0
381098,0
381158,0
381218,0
381278,0
381338,0
381398,0
381458,0
381518,0
381578,0
381638,0
381698,0
381758,0
381818,0
381878,0
381938,0
381998,0
382058,0
382118,0
382178,0
382238,0
382298,0
382358,0
382418,0
382478,0
382538,0
382598,0
382658,0
382718,0
382778,0
382838,0
382898,0
382958,0
383018,0
383078,0
383138,0
383198,0
383258,0
383318,0
383378,0
383438,0
383498,0
383558,0
383618,0
383678,0
383738,0
383798,0
383858,0
383918,0
383978,0
384038,0
384098,0
384158,0
384218,0
384278,0
384338,0
384398,0
384458,0
384518,0
384578,0
384638,0
384698,0
384758,0
384818,0
384878,0
384938,0
384998,0
385058,0
385118,0
385178,0
385238,0
385298,0
385358,0
385418,0
385478,0
385538,0
385598,0
385658,0
385718,0
385778,0
385838,0
385898,0
385958,0
386018,0
386078,0
386138,0
386198,0
386258,0
386318,0
386378,0
386438,0
386498,0
386558,0
386618,0
386678,0
386738,0
386798,0
386858,0
386918,0
386978,0
387038,0
387098,1
387158,1
387218,1
387278,1
387338,1
387398,1
387458,1
387518,1
387578,1
387638,1
387698,1
387758,1
387818,1
387878,1
387938,1
387998,1
388058,1
388118,1
388178,2
388238,2
388298,2
388358,2
388418,2
388478,2
388538,2
388598,2
388658,2
388718,2
388778,2
388838,3
388898,3
388958,3
389018,3
389078,3
389138,3
389198,3
389258,3
389318,4
389378,4
389438,4
389498,4
389558,4
389618,4
389678,5
389738,5
389798,5
389858,5
389918,5
389978,5
390039,6
390099,6
390159,6
390219,6
390279,7
390339,7
390399,7
390459,7
390519,8
390579,8
390639,8
390699,9
390759,9
390819,9
390879,10
390939,10
390999,11
391059,11
391119,11
391179,12
391239,12
391299,13
391359,13
391419,14
391479,14
391539,15
391599,15
391659,16
391719,16
391779,17
391839,18
391899,18
391959,19
392019,19
392079,20
392139,21
392199,22
392259,22
392319,23
392379,24
392439,25
392499,26
392559,27
392619,28
392679,29
392739,30
392799,31
392859,32
392919,33
392979,34
393039,35
393099,37
393159,38
393219,39
393279,41
393339,42
393399,44
393459,45
393519,47
393579,48
393639,50
393699,52
393759,54
393819,55
393879,57
393939,59
393999,61
394059,63
394119,66
394179,68
394239,70
394299,73
394359,75
394419,78
394479,80
394539,83
394599,86
394659,89
394719,92
394779,95
394839,98
394899,101
394959,105
395019,108
395079,112
395139,116
395199,120
395259,124
395319,128
395379,132
395439,137
395499,141
395559,146
395619,151
395679,156
395739,161
395799,166
395859,172
395919,177
395979,183
396039,189
396099,195
396159,202
396219,209
396279,215
396339,222
396399,230
396459,237
396519,245
396579,253
396639,261
396699,270
396759,279
396819,288
396879,297
396939,307
396999,317
397059,327
397119,337
397179,348
397239,359
397299,371
397359,383
397419,395
397479,408
397539,421
397599,435
397659,448
397719,463
397779,477
397839,493
397899,508
397959,525
398019,541
398079,558
398139,576
398199,594
398259,613
398319,632
398379,652
398439,673
398499,694
398559,716
398619,738
398679,761
398739,785
398799,810
398859,835
398919,861
398979,888
399039,915
399099,944
399159,973
399219,1003
399279,1034
399339,1066
399399,1099
399459,1133
399519,1168
399579,1204
399639,1240
399699,1279
399759,1318
399819,1358
399879,1400
399939,1442
400000,1486
400060,1531
400120,1578
400180,1626
400240,1675
400300,1726
400360,1778
400420,1832
400480,1887
400540,1944
400600,2003
400660,2063
400720,2125
400780,2189
400840,2254
400900,2322
400960,2391
401020,2463
401080,2536
401140,2612
401200,2689
401260,2769
401320,2851
401380,2936
401440,3023
401500,3112
401560,3204
401620,3298
401680,3395
401740,3495
401800,3598
401860,3703
401920,3812
401980,3923
402040,4038
402100,4156
402160,4277
402220,4401
402280,4529
402340,4661
402400,4796
402460,4935
402520,5078
402580,5224
402640,5375
402700,5530
402760,5689
402820,5852
402880,6020
402940,6193
403000,6370
403060,6552
403120,6739
403180,6932
403240,7129
403300,7332
403360,7540
403420,7754
403480,7973
403540,8199
403600,8431
403660,8669
403720,8913
403780,9164
403840,9421
403900,9686
403960,9957
404020,10236
404080,10522
404140,10816
404200,11117
404260,11427
404320,11745
404380,12071
404440,12406
404500,12749
404560,13102
404620,13464
404680,13835
404740,14217
404800,14608
404860,15009
404920,15421
404980,15844
405040,16277
405100,16722
405160,17178
405220,17646
405280,18127
405340,18619
405400,19125
405460,19643
405520,20175
405580,20720
405640,21280
405700,21853
405760,22442
405820,23045
405880,23664
405940,24298
406000,24949
406060,25616
406120,26299
406180,27001
406240,27720
406300,28457
406360,29212
406420,29987
406480,30781
406540,31594
406600,32429
406660,33284
406720,34160
406780,35058
406840,35979
406900,36922
406960,37889
407020,38879
407080,39894
407140,40934
407200,42000
407260,43092
407320,44210
407380,45357
407440,46531
407500,47733
407560,48965
407620,50228
407680,51520
407740,52844
407800,54201
407860,55590
407920,57012
407980,58469
408040,59961
408100,61489
408160,63053
408220,64655
408280,66295
408340,67975
408400,69694
408460,71454
408520,73256
408580,75101
408640,76990
408700,78923
408760,80902
408820,82928
408880,85001
408940,87123
409000,89294
409060,91517
409120,93791
409180,96118
409240,98500
409300,100937
409360,103430
409420,105982
409480,108592
409540,111263
409600,113995
409660,116790
409720,119650
409780,122575
409840,125566
409900,128627
409960,131757
410021,134958
410081,138233
410141,141581
410201,145006
410261,148508
410321,152089
410381,155751
410441,159495
410501,163324
410561,167238
410621,171240
410681,175331
410741,179514
410801,183790
410861,188161
410921,192629
410981,197196
411041,201863
411101,206634
411161,211511
411221,216494
411281,221587
411341,226791
411401,232110
411461,237544
411521,243097
411581,248771
411641,254568
411701,260491
411761,266542
411821,272724
411881,279039
411941,285490
412001,292080
412061,298811
412121,305686
412181,312708
412241,319880
412301,327204
412361,334684
412421,342323
412481,350124
412541,358089
412601,366223
412661,374528
412721,383007
412781,391664
412841,400502
412901,409526
412961,418737
413021,428140
413081,437739
413141,447536
413201,457537
413261,467744
413321,478161
413381,488793
413441,499643
413501,510716
413561,522015
413621,533546
413681,545311
413741,557315
413801,569564
413861,582060
413921,594810
413981,607816
414041,621085
414101,634621
414161,648428
414221,662512
414281,676877
414341,691529
414401,706472
414461,721713
414521,737256
414581,753106
414641,769269
414701,785751
414761,802558
414821,819694
414881,837166
414941,854979
415001,873141
415061,891655
415121,910530
415181,929771
415241,949384
415301,969376
415361,989753
415421,1010522
415481,1031690
415541,1053264
415601,1075250
415661,1097655
415721,1120487
415781,1143752
415841,1167459
415901,1191614
415961,1216225
416021,1241299
416081,1266845
416141,1292870
416201,1319383
416261,1346390
416321,1373901
416381,1401923
416441,1430466
416501,1459537
416561,1489145
416621,1519299
416681,1550008
416741,1581281
416801,1613127
416861,1645554
416921,1678573
416981,1712193
417041,1746424
417101,1781274
417161,1816755
417221,1852876
417281,1889647
417341,1927078
417401,1965180
417461,2003963
417521,2043438
417581,2083615
417641,2124506
417701,2166122
417761,2208473
417821,2251571
417881,2295427
417941,2340053
418001,2385461
418061,2431663
418121,2478670
418181,2526495
418241,2575150
418301,2624648
418361,2675000
418421,2726221
418481,2778322
418541,2831317
418601,2885219
418661,2940041
418721,2995797
418781,3052500
418841,3110165
418901,3168805
418961,3228434
419021,3289067
419081,3350718
419141,3413401
419201,3477133
419261,3541926
419321,3607797
419381,3674761
419441,3742833
419501,3812028
419561,3882363
419621,3953854
419681,4026515
419741,4100365
419801,4175419
419861,4251693
419921,4329205
419981,4407971
420042,4488009
420102,4569335
420162,4651968
420222,4735924
420282,4821222
420342,4907879
420402,4995915
420462,5085346
420522,5176192
420582,5268471
420642,5362202
420702,5457404
420762,5554096
420822,5652298
420882,5752029
420942,5853309
421002,5956158
421062,6060596
421122,6166643
421182,6274320
421242,6383647
421302,6494645
421362,6607335
421422,6721739
421482,6837877
421542,6955771
421602,7075444
421662,7196916
421722,7320210
421782,7445348
421842,7572352
421902,7701246
421962,7832051
422022,7964792
422082,8099491
422142,8236171
422202,8374856
422262,8515570
422322,8658336
422382,8803179
422442,8950122
422502,9099191
422562,9250409
422622,9403802
422682,9559394
422742,9717211
422802,9877277
422862,10039619
422922,10204261
422982,10371230
423042,10540552
423102,10712252
423162,10886357
423222,11062893
423282,11241888
423342,11423367
423402,11607358
423462,11793887
423522,11982983
423582,12174672
423642,12368982
423702,12565941
423762,12765576
423822,12967917
423882,13172990
423942,13380824
424002,13591448
424062,13804890
424122,14021179
424182,14240344
424242,14462414
424302,14687419
424362,14915387
424422,15146347
424482,15380331
424542,15617367
424602,15857484
424662,16100714
424722,16347086
424782,16596631
424842,16849378
424902,17105358
424962,17364602
425022,17627140
425082,17893003
425142,18162222
425202,18434828
425262,18710852
425322,18990325
425382,19273279
425442,19559744
425502,19849752
425562,20143334
425622,20440523
425682,20741350
425742,21045846
425802,21354043
425862,21665974
425922,21981670
425982,22301162
426042,22624484
426102,22951666
426162,23282742
426222,23617743
426282,23956702
426342,24299650
426402,24646621
426462,24997645
426522,25352756
426582,25711986
426642,26075367
426702,26442931
426762,26814711
426822,27190739
426882,27571048
426942,27955669
427002,28344635
427062,28737978
427122,29135730
427182,29537924
427242,29944592
427302,30355765
427362,30771477
427422,31191758
427482,31616641
427542,32046158
427602,32480340
427662,32919220
427722,33362828
427782,33811197
427842,34264358
427902,34722342
427962,35185181
428022,35652905
428082,36125546
428142,36603135
428202,37085702
428262,37573279
428322,38065895
428382,38563581
428442,39066367
428502,39574284
428562,40087360
428622,40605627
428682,41129113
428742,41657847
428802,42191860
428862,42731180
428922,43275835
428982,43825854
429042,44381265
429102,44942098
429162,45508378
429222,46080135
429282,46657395
429342,47240185
429402,47828533
429462,48422465
429522,49022007
429582,49627185
429642,50238026
429702,50854553
429762,51476793
429822,52104771
429882,52738510
429942,53378036
430003,54023371
430063,54674540
430123,55331565
430183,55994469
430243,56663275
430303,57338005
430363,58018680
430423,58705321
430483,59397950
430543,60096587
430603,60801253
430663,61511965
430723,62228745
430783,62951610
430843,63680580
430903,64415671
430963,65156901
431023,65904288
431083,66657848
431143,67417596
431203,68183548
431263,68955720
431323,69734126
431383,70518779
431443,71309694
431503,72106883
431563,72910358
431623,73720132
431683,74536216
431743,75358620
431803,76187355
431863,77022431
431923,77863856
431983,78711638
432043,79565787
432103,80426308
432163,81293209
432223,82166495
432283,83046172
432343,83932245
432403,84824718
432463,85723594
432523,86628875
432583,87540565
432643,88458664
432703,89383174
432763,90314094
432823,91251423
432883,92195161
432943,93145306
433003,94101853
433063,95064801
433123,96034145
433183,97009880
433243,97992000
433303,98980499
433363,99975370
433423,100976604
433483,101984193
433543,102998127
433603,104018397
433663,105044991
433723,106077897
433783,107117102
433843,108162594
433903,109214357
433963,110272377
434023,111336637
434083,112407121
434143,113483812
434203,114566690
434263,115655736
434323,116750931
434383,117852254
434443,118959681
434503,120073191
434563,121192761
434623,122318364
434683,123449977
434743,124587573
434803,125731124
434863,126880603
434923,128035981
434983,129197228
435043,130364312
435103,131537203
435163,132715867
435223,133900272
435283,135090382
435343,136286163
435403,137487578
435463,138694590
435523,139907160
435583,141125250
435643,142348819
435703,143577827
435763,144812232
435823,146051990
435883,147297059
435943,148547392
436003,149802945
436063,151063670
436123,152329521
436183,153600448
436243,154876401
436303,156157332
436363,157443187
436423,158733915
436483,160029462
436543,161329774
436603,162634795
436663,163944469
436723,165258740
436783,166577548
436843,167900835
436903,169228541
436963,170560604
437023,171896962
437083,173237554
437143,174582314
437203,175931177
437263,177284079
437323,178640952
437383,180001729
437443,181366340
437503,182734717
437563,184106789
437623,185482485
437683,186861731
437743,188244455
437803,189630583
437863,191020039
437923,192412747
437983,193808631
438043,195207613
438103,196609614
438163,198014553
438223,199422352
438283,200832928
438343,202246198
438403,203662081
438463,205080491
438523,206501344
438583,207924555
438643,209350036
438703,210777700
438763,212207459
438823,213639223
438883,215072903
438943,216508409
439003,217945648
439063,219384528
439123,220824956
439183,222266839
439243,223710081
439303,225154587
439363,226600261
439423,228047005
439483,229494723
439543,230943316
439603,232392684
439663,233842729
439723,235293349
439783,236744442
439843,238195908
439903,239647644
439963,241099546
440024,242551511
440084,244003433
440144,245455209
440204,246906732
440264,248357896
440324,249808594
440384,251258718
440444,252708160
440504,254156813
440564,255604566
440624,257051310
440684,258496935
440744,259941330
440804,261384384
440864,262825985
440924,264266021
440984,265704380
441044,267140948
441104,268575613
441164,270008260
441224,271438775
441284,272867043
441344,274292951
441404,275716381
441464,277137220
441524,278555350
441584,279970656
441644,281383020
441704,282792327
441764,284198459
441824,285601299
441884,287000729
441944,288396632
442004,289788889
442064,291177383
442124,292561995
442184,293942607
442244,295319101
442304,296691357
442364,298059257
442424,299422683
442484,300781514
442544,302135633
442604,303484921
442664,304829258
442724,306168525
442784,307502604
442844,308831375
442904,310154721
442964,311472521
443024,312784658
443084,314091013
443144,315391467
443204,316685903
443264,317974202
443324,319256245
443384,320531916
443444,321801097
443504,323063671
443564,324319520
443624,325568529
443684,326810579
443744,328045556
443804,329273343
443864,330493825
443924,331706887
443984,332912414
444044,334110291
444104,335300406
444164,336482643
444224,337656891
444284,338823036
444344,339980967
444404,341130571
444464,342271738
444524,343404358
444584,344528320
444644,345643514
444704,346749833
444764,347847168
444824,348935410
444884,350014454
444944,351084194
445004,352144522
445064,353195335
445124,354236529
445184,355267999
445244,356289644
445304,357301361
445364,358303049
445424,359294607
445484,360275938
445544,361246940
445604,362207518
445664,363157573
445724,364097009
445784,365025732
445844,365943647
445904,366850661
445964,367746682
446024,368631617
446084,369505376
446144,370367870
446204,371219011
446264,372058711
446324,372886883
446384,373703443
446444,374508305
446504,375301387
446564,376082607
446624,376851883
446684,377609136
446744,378354287
446804,379087258
446864,379807973
446924,380516356
446984,381212334
447044,381895834
447104,382566784
447164,383225114
447224,383870754
447284,384503637
447344,385123695
447404,385730865
447464,386325080
447524,386906280
447584,387474402
447644,388029386
447704,388571173
447764,389099706
447824,389614928
447884,390116786
447944,390605225
448004,391080194
448064,391541642
448124,391989519
448184,392423779
448244,392844374
448304,393251260
448364,393644393
448424,394023731
448484,394389234
448544,394740861
448604,395078577
448664,395402343
448724,395712127
448784,396007893
448844,396289611
448904,396557251
448964,396810782
449024,397050179
449084,397275416
449144,397486467
449204,397683311
449264,397865926
449324,398034293
449384,398188392
449444,398328209
449504,398453727
449564,398564934
449624,398661816
449684,398744364
449744,398812569
449804,398866423
449864,398905921
449924,398931058
449984,398941831
450045,398938240
450105,398920284
450165,398887967
450225,398841290
450285,398780260
450345,398704883
450405,398615166
450465,398511120
450525,398392756
450585,398260087
450645,398113127
450705,397951892
450765,397776398
450825,397586666
450885,397382716
450945,397164569
451005,396932249
451065,396685782
451125,396425193
451185,396150510
451245,395861764
451305,395558985
451365,395242206
451425,394911460
451485,394566784
451545,394208214
451605,393835789
451665,393449548
451725,393049534
451785,392635787
451845,392208354
451905,391767280
451965,391312611
452025,390844397
452085,390362686
452145,389867531
452205,389358984
452265,388837099
452325,388301932
452385,387753540
452445,387191979
452505,386617311
452565,386029596
452625,385428895
452685,384815273
452745,384188794
452805,383549524
452865,382897531
452925,382232882
452985,381555649
453045,380865901
453105,380163710
453165,379449152
453225,378722299
453285,377983229
453345,377232017
453405,376468743
453465,375693485
453525,374906324
453585,374107341
453645,373296620
453705,372474243
453765,371640297
453825,370794866
453885,369938037
453945,369069899
454005,368190540
454065,367300051
454125,366398523
454185,365486047
454245,364562716
454305,363628624
454365,362683866
454425,361728538
454485,360762736
454545,359786557
454605,358800100
454665,357803465
454725,356796749
454785,355780056
454845,354753486
454905,353717141
454965,352671125
455025,351615541
455085,350550494
455145,349476089
455205,348392432
455265,347299630
455325,346197790
455385,345087020
455445,343967428
455505,342839124
455565,341702216
455625,340556817
455685,339403035
455745,338240983
455805,337070773
455865,335892516
455925,334706326
455985,333512316
456045,332310599
456105,331101291
456165,329884504
456225,328660355
456285,327428959
456345,326190431
456405,324944887
456465,323692444
456525,322433217
456585,321167325
456645,319894885
456705,318616013
456765,317330827
456825,316039445
456885,314741985
456945,313438566
457005,312129305
457065,310814322
457125,309493734
457185,308167661
457245,306836220
457305,305499532
457365,304157715
457425,302810888
457485,301459170
457545,300102680
457605,298741537
457665,297375859
457725,296005766
457785,294631376
457845,293252809
457905,291870182
457965,290483614
458025,289093224
458085,287699129
458145,286301448
458205,284900298
458265,283495797
458325,282088063
458385,280677213
458445,279263363
458505,277846631
458565,276427132
458625,275004983
458685,273580300
458745,272153197
458805,270723791
458865,269292196
458925,267858526
458985,266422895
459045,264985417
459105,263546205
459165,262105373
459225,260663031
459285,259219293
459345,257774269
459405,256328071
459465,254880809
459525,253432592
459585,251983531
459645,250533734
459705,249083310
459765,247632366
459825,246181009
459885,244729346
459945,243277484
460006,241825527
460066,240373581
460126,238921749
460186,237470135
460246,236018842
460306,234567973
460366,233117628
460426,231667910
460486,230218916
460546,228770749
460606,227323505
460666,225877284
460726,224432182
460786,222988296
460846,221545722
460906,220104555
460966,218664889
461026,217226818
461086,215790434
461146,214355829
461206,212923096
461266,211492323
461326,210063600
461386,208637017
461446,207212660
461506,205790618
461566,204370975
461626,202953818
461686,201539231
461746,200127298
461806,198718100
461866,197311721
461926,195908241
461986,194507740
462046,193110297
462106,191715991
462166,190324899
462226,188937098
462286,187552663
462346,186171668
462406,184794188
462466,183420296
462526,182050063
462586,180683560
462646,179320857
462706,177962024
462766,176607128
462826,175256237
462886,173909417
462946,172566733
463006,171228250
463066,169894031
463126,168564139
463186,167238635
463246,165917580
463306,164601034
463366,163289054
463426,161981699
463486,160679026
463546,159381089
463606,158087945
463666,156799647
463726,155516248
463786,154237799
463846,152964353
463906,151695958
463966,150432664
464026,149174519
464086,147921570
464146,146673863
464206,145431445
464266,144194358
464326,142962646
464386,141736352
464446,140515518
464506,139300182
464566,138090387
464626,136886169
464686,135687566
464746,134494616
464806,133307354
464866,132125815
464926,130950034
464986,129780042
465046,128615873
465106,127457557
465166,126305125
465226,125158606
465286,124018029
465346,122883421
465406,121754810
465466,120632220
465526,119515677
465586,118405206
465646,117300828
465706,116202567
465766,115110443
465826,114024478
465886,112944692
465946,111871102
466006,110803728
466066,109742586
466126,108687692
466186,107639063
466246,106596713
466306,105560656
466366,104530904
466426,103507471
466486,102490368
466546,101479605
466606,100475192
466666,99477138
466726,98485453
466786,97500142
466846,96521214
466906,95548674
466966,94582528
467026,93622779
467086,92669433
467146,91722491
467206,90781957
467266,89847833
467326,88920118
467386,87998814
467446,87083919
467506,86175434
467566,85273355
467626,84377681
467686,83488409
467746,82605535
467806,81729053
467866,80858960
467926,79995250
467986,79137916
468046,78286952
468106,77442349
468166,76604100
468226,75772196
468286,74946627
468346,74127384
468406,73314457
468466,72507834
468526,71707503
468586,70913453
468646,70125671
468706,69344143
468766,68568856
468826,67799796
468886,67036947
468946,66280295
469006,65529824
469066,64785518
469126,64047359
469186,63315331
469246,62589416
469306,61869596
469366,61155852
469426,60448165
469486,59746517
469546,59050886
469606,58361253
469666,57677598
469726,56999898
469786,56328133
469846,55662281
469906,55002319
469966,54348225
470027,53699976
470087,53057548
470147,52420919
470207,51790064
470267,51164958
470327,50545577
470387,49931896
470447,49323890
470507,48721533
470567,48124800
470627,47533663
470687,46948097
470747,46368075
470807,45793570
470867,45224555
470927,44661002
470987,44102884
471047,43550172
471107,43002838
471167,42460855
471227,41924192
471287,41392822
471347,40866716
471407,40345843
471467,39830175
471527,39319682
471587,38814335
471647,38314102
471707,37818955
471767,37328863
471827,36843794
471887,36363720
471947,35888609
472007,35418430
472067,34953153
472127,34492745
472187,34037177
472247,33586416
472307,33140431
472367,32699191
472427,32262664
472487,31830818
472547,31403622
472607,30981044
472667,30563052
472727,30149613
472787,29740697
472847,29336270
472907,28936301
472967,28540757
473027,28149606
473087,27762817
473147,27380356
473207,27002192
473267,26628292
473327,26258624
473387,25893155
473447,25531854
473507,25174688
473567,24821624
473627,24472631
473687,24127675
473747,23786726
473807,23449750
473867,23116716
473927,22787590
473987,22462342
474047,22140939
474107,21823349
474167,21509540
474227,21199480
474287,20893137
474347,20590480
474407,20291476
474467,19996094
474527,19704303
474587,19416070
474647,19131365
474707,18850156
474767,18572411
474827,18298100
474887,18027191
474947,17759654
475007,17495457
475067,17234570
475127,16976962
475187,16722602
475247,16471460
475307,16223506
475367,15978708
475427,15737038
475487,15498465
475547,15262959
475607,15030491
475667,14801030
475727,14574548
475787,14351014
475847,14130400
475907,13912677
475967,13697815
476027,13485785
476087,13276560
476147,13070110
476207,12866407
476267,12665422
476327,12467129
476387,12271498
476447,12078501
476507,11888113
476567,11700303
476627,11515047
476687,11332315
476747,11152082
476807,10974320
476867,10799002
476927,10626103
476987,10455595
477047,10287453
477107,10121651
477167,9958162
477227,9796961
477287,9638023
477347,9481322
477407,9326832
477467,9174530
477527,9024389
477587,8876386
477647,8730496
477707,8586695
477767,8444958
477827,8305261
477887,8167582
477947,8031895
478007,7898178
478067,7766408
478127,7636561
478187,7508615
478247,7382547
478307,7258334
478367,7135953
478427,7015384
478487,6896603
478547,6779590
478607,6664322
478667,6550777
478727,6438936
478787,6328776
478847,6220277
478907,6113417
478967,6008177
479027,5904537
479087,5802475
479147,5701971
479207,5603007
479267,5505563
479327,5409618
479387,5315154
479447,5222151
479507,5130591
479567,5040455
479627,4951724
479687,4864380
479747,4778404
479807,4693779
479867,4610487
479927,4528510
479987,4447830
480048,4368430
480108,4290293
480168,4213402
480228,4137740
480288,4063291
480348,3990037
480408,3917963
480468,3847052
480528,3777289
480588,3708657
480648,3641141
480708,3574726
480768,3509396
480828,3445135
480888,3381930
480948,3319764
481008,3258624
481068,3198495
481128,3139362
481188,3081211
481248,3024029
481308,2967801
481368,2912514
481428,2858153
481488,2804707
481548,2752160
481608,2700501
481668,2649716
481728,2599793
481788,2550718
481848,2502480
481908,2455065
481968,2408462
482028,2362659
482088,2317643
482148,2273403
482208,2229928
482268,2187204
482328,2145223
482388,2103971
482448,2063438
482508,2023613
482568,1984486
482628,1946044
482688,1908279
482748,1871179
482808,1834735
482868,1798935
482928,1763771
482988,1729232
483048,1695308
483108,1661989
483168,1629267
483228,1597132
483288,1565574
483348,1534584
483408,1504153
483468,1474273
483528,1444935
483588,1416129
483648,1387848
483708,1360082
483768,1332824
483828,1306065
483888,1279798
483948,1254013
484008,1228704
484068,1203862
484128,1179480
484188,1155550
484248,1132065
484308,1109017
484368,1086400
484428,1064205
484488,1042426
484548,1021056
484608,1000088
484668,979516
484728,959332
484788,939530
484848,920104
484908,901047
484968,882353
485028,864016
485088,846029
485148,828387
485208,811084
485268,794114
485328,777470
485388,761148
485448,745142
485508,729446
485568,714055
485628,698964
485688,684167
485748,669659
485808,655435
485868,641490
485928,627819
485988,614418
486048,601281
486108,588403
486168,575781
486228,563409
486288,551283
486348,539399
486408,527751
486468,516337
486528,505152
486588,494191
486648,483450
486708,472926
486768,462614
486828,452511
486888,442612
486948,432915
487008,423414
487068,414108
487128,404991
487188,396060
487248,387313
487308,378745
487368,370354
487428,362135
487488,354086
487548,346203
487608,338484
487668,330925
487728,323523
487788,316275
487848,309178
487908,302230
487968,295427
488028,288767
488088,282247
488148,275865
488208,269616
488268,263500
488328,257514
488388,251654
488448,245919
488508,240306
488568,234812
488628,229436
488688,224175
488748,219027
488808,213989
488868,209059
488928,204236
488988,199517
489048,194900
489108,190382
489168,185963
489228,181640
489288,177411
489348,173274
489408,169228
489468,165270
489528,161399
489588,157613
489648,153910
489708,150289
489768,146747
489828,143284
489888,139898
489948,136586
490009,133349
490069,130183
490129,127088
490189,124062
490249,121104
490309,118212
490369,115385
490429,112621
490489,109920
490549,107280
490609,104699
490669,102177
490729,99711
490789,97302
490849,94948
490909,92647
490969,90399
491029,88202
491089,86055
491149,83958
491209,81909
491269,79907
491329,77951
491389,76040
491449,74174
491509,72350
491569,70569
491629,68829
491689,67130
491749,65470
491809,63849
491869,62266
491929,60720
491989,59211
492049,57736
492109,56297
492169,54891
492229,53518
492289,52178
492349,50870
492409,49593
492469,48346
492529,47128
492589,45940
492649,44780
492709,43648
492769,42543
492829,41464
492889,40411
492949,39384
493009,38381
493069,37402
493129,36447
493189,35516
493249,34606
493309,33719
493369,32854
493429,32009
493489,31185
493549,30381
493609,29597
493669,28832
493729,28086
493789,27358
493849,26648
493909,25955
493969,25280
494029,24621
494089,23979
494149,23352
494209,22741
494269,22146
494329,21565
494389,20998
494449,20446
494509,19907
494569,19382
494629,18871
494689,18372
494749,17885
494809,17411
494869,16949
494929,16498
494989,16059
495049,15631
495109,15214
495169,14807
495229,14411
495289,14025
495349,13649
495409,13282
495469,12925
495529,12577
495589,12237
495649,11907
495709,11585
495769,11271
495829,10966
495889,10668
495949,10378
496009,10096
496069,9821
496129,9553
496189,9292
496249,9037
496309,8790
496369,8549
496429,8314
496489,8086
496549,7863
496609,7646
496669,7435
496729,7230
496789,7030
496849,6835
496909,6645
496969,6461
497029,6281
497089,6106
497149,5936
497209,5770
497269,5609
497329,5452
497389,5299
497449,5150
497509,5006
497569,4865
497629,4728
497689,4595
497749,4465
497809,4339
497869,4216
497929,4096
497989,3980
498049,3867
498109,3757
498169,3650
498229,3546
498289,3445
498349,3346
498409,3251
498469,3158
498529,3067
498589,2979
498649,2893
498709,2810
498769,2729
498829,2650
498889,2574
498949,2499
499009,2427
499069,2356
499129,2288
499189,2221
499249,2157
499309,2094
499369,2033
499429,1973
499489,1916
499549,1860
499609,1805
499669,1752
499729,1701
499789,1650
499849,1602
499909,1555
499969,1509
500030,1464
500090,1421
500150,1379
500210,1338
500270,1298
500330,1259
500390,1222
500450,1185
500510,1150
500570,1116
500630,1082
500690,1050
500750,1018
500810,988
500870,958
500930,929
500990,901
501050,874
501110,848
501170,822
501230,797
501290,773
501350,750
501410,727
501470,705
501530,683
501590,662
501650,642
501710,623
501770,603
501830,585
501890,567
501950,550
502010,533
502070,516
502130,500
502190,485
502250,470
502310,456
502370,441
502430,428
502490,414
502550,402
502610,389
502670,377
502730,365
502790,354
502850,343
502910,332
502970,322
503030,312
503090,302
503150,292
503210,283
503270,274
503330,266
503390,257
503450,249
503510,241
503570,234
503630,226
503690,219
503750,212
503810,205
503870,199
503930,192
503990,186
504050,180
504110,174
504170,169
504230,163
504290,158
504350,153
504410,148
504470,143
504530,139
504590,134
504650,130
504710,126
504770,122
504830,118
504890,114
504950,110
505010,107
505070,103
505130,100
505190,96
505250,93
505310,90
505370,87
505430,84
505490,82
505550,79
505610,76
505670,74
505730,71
505790,69
505850,67
505910,64
505970,62
506030,60
506090,58
506150,56
506210,54
506270,53
506330,51
506390,49
506450,47
506510,46
506570,44
506630,43
506690,41
506750,40
506810,39
506870,37
506930,36
506990,35
507050,34
507110,32
507170,31
507230,30
507290,29
507350,28
507410,27
507470,26
507530,25
507590,25
507650,24
507710,23
507770,22
507830,21
507890,21
507950,20
508010,19
508070,18
508130,18
508190,17
508250,17
508310,16
508370,15
508430,15
508490,14
508550,14
508610,13
508670,13
508730,12
508790,12
508850,12
508910,11
508970,11
509030,10
509090,10
509150,10
509210,9
509270,9
509330,9
509390,8
509450,8
509510,8
509570,7
509630,7
509690,7
509750,7
509810,6
509870,6
509930,6
509990,6
510051,5
510111,5
510171,5
510231,5
510291,5
510351,4
510411,4
510471,4
510531,4
510591,4
510651,4
510711,3
510771,3
510831,3
510891,3
510951,3
511011,3
511071,3
511131,3
511191,2
511251,2
511311,2
511371,2
511431,2
511491,2
511551,2
511611,2
511671,2
511731,2
511791,2
511851,1
511911,1
511971,1
512031,1
512091,1
512151,1
512211,1
512271,1
512331,1
512391,1
512451,1
512511,1
512571,1
512631,1
512691,1
512751,1
512811,1
512871,1
512931,1
512991,0
513051,0
513111,0
513171,0
513231,0
513291,0
513351,0
513411,0
513471,0
513531,0
513591,0
513651,0
513711,0
513771,0
513831,0
513891,0
513951,0
514011,0
514071,0
514131,0
514191,0
514251,0
514311,0
514371,0
514431,0
514491,0
514551,0
514611,0
514671,0
514731,0
514791,0
514851,0
514911,0
514971,0
515031,0
515091,0
515151,0
515211,0
515271,0
515331,0
515391,0
515451,0
515511,0
515571,0
515631,0
515691,0
515751,0
515811,0
515871,0
515931,0
515991,0
516051,0
516111,0
516171,0
516231,0
516291,0
516351,0
516411,0
516471,0
516531,0
516591,0
516651,0
516711,0
516771,0
516831,0
516891,0
516951,0
517011,0
517071,0
517131,0
517191,0
517251,0
517311,0
517371,0
517431,0
517491,0
517551,0
517611,0
517671,0
517731,0
517791,0
517851,0
517911,0
517971,0
518031,0
518091,0
518151,0
518211,0
518271,0
518331,0
518391,0
518451,0
518511,0
518571,0
518631,0
518691,0
518751,0
518811,0
518871,0
518931,0
518991,0
519051,0
519111,0
519171,0
519231,0
519291,0
519351,0
519411,0
519471,0
519531,0
519591,0
519651,0
519711,0
519771,0
519831,0
519891,0
519951,0
520012,0
520072,0
520132,0
520192,0
520252,0
520312,0
520372,0
520432,0
520492,0
520552,0
520612,0
520672,0
520732,0
520792,0
520852,0
520912,0
520972,0
521032,0
521092,0
521152,0
521212,0
521272,0
521332,0
521392,0
521452,0
521512,0
521572,0
521632,0
521692,0
521752,0
521812,0
521872,0
521932,0
521992,0
522052,0
522112,0
522172,0
522232,0
522292,0
522352,0
522412,0
522472,0
522532,0
522592,0
522652,0
522712,0
522772,0
522832,0
522892,0
522952,0
523012,0
523072,0
523132,0
523192,0
523252,0
523312,0
523372,0
523432,0
523492,0
523552,0
523612,0
523672,0
523732,0
523792,0
523852,0
523912,0
523972,0
524032,0
524092,0
524152,0
524212,0
524272,0
524332,0
524392,0
524452,0
524512,0
524572,0
524632,0
524692,0
524752,0
524812,0
524872,0
524932,0
524992,0
525052,0
525112,0
525172,0
525232,0
525292,0
525352,0
525412,0
525472,0
525532,0
525592,0
525652,0
525712,0
525772,0
525832,0
525892,0
525952,0
526012,0
526072,0
526132,0
526192,0
526252,0
526312,0
526372,0
526432,0
526492,0
526552,0
526612,0
526672,0
526732,0
526792,0
526852,0
526912,0
526972,0
527032,0
527092,0
527152,0
527212,0
527272,0
527332,0
527392,0
527452,0
527512,0
527572,0
527632,0
527692,0
527752,0
527812,0
527872,0
527932,0
527992,0
528052,0
528112,0
528172,0
528232,0
528292,0
528352,0
528412,0
528472,0
528532,0
528592,0
528652,0
528712,0
528772,0
528832,0
528892,0
528952,0
529012,0
529072,0
529132,0
529192,0
529252,0
529312,0
529372,0
529432,0
529492,0
529552,0
529612,0
529672,0
529732,0
529792,0
529852,0
529912,0
529972,0
530033,0
530093,0
530153,0
530213,0
530273,0
530333,0
530393,0
530453,0
530513,0
530573,0
530633,0
530693,0
530753,0
530813,0
530873,0
530933,0
530993,0
531053,0
531113,0
531173,0
531233,0
531293,0
531353,0
531413,0
531473,0
531533,0
531593,0
531653,0
531713,0
531773,0
531833,0
531893,0
531953,0
532013,0
532073,0
532133,0
532193,0
532253,0
532313,0
532373,0
532433,0
532493,0
532553,0
532613,0
532673,0
532733,0
532793,0
532853,0
532913,0
532973,0
533033,0
533093,0
533153,0
533213,0
533273,0
533333,0
533393,0
533453,0
533513,0
533573,0
533633,0
533693,0
533753,0
533813,0
533873,0
533933,0
533993,0
534053,0
534113,0
534173,0
534233,0
534293,0
534353,0
534413,0
534473,0
534533,0
534593,0
534653,0
534713,0
534773,0
534833,0
534893,0
534953,0
535013,0
535073,0
535133,0
535193,0
535253,0
535313,0
535373,0
535433,0
535493,0
535553,0
535613,0
535673,0
535733,0
535793,0
535853,0
535913,0
535973,0
536033,0
536093,0
536153,0
536213,0
536273,0
536333,0
536393,0
536453,0
536513,0
536573,0
536633,0
536693,0
536753,0
536813,0
536873,0
536933,0
536993,0
537053,0
537113,0
537173,0
537233,0
537293,0
537353,0
537413,0
537473,0
537533,0
537593,0
537653,0
537713,0
537773,0
537833,0
537893,0
537953,0
538013,0
538073,0
538133,0
538193,0
538253,0
538313,0
538373,0
538433,0
538493,0
538553,0
538613,0
538673,0
538733,0
538793,0
538853,0
538913,0
538973,0
539033,0
539093,0
539153,0
539213,0
539273,0
539333,0
539393,0
539453,0
539513,0
539573,0
539633,0
539693,0
539753,0
539813,0
539873,0
539933,0
539993,0
540054,0
540114,0
540174,0
540234,0
540294,0
540354,0
540414,0
540474,0
540534,0
540594,0
540654,0
540714,0
540774,0
540834,0
540894,0
540954,0
541014,0
541074,0
541134,0
541194,0
541254,0
541314,0
541374,0
541434,0
541494,0
541554,0
541614,0
541674,0
541734,0
541794,0
541854,0
541914,0
541974,0
542034,0
542094,0
542154,0
542214,0
542274,0
542334,0
542394,0
542454,0
542514,0
542574,0
542634,0
542694,0
542754,0
542814,0
542874,0
542934,0
542994,0
543054,0
543114,0
543174,0
543234,0
543294,0
543354,0
543414,0
543474,0
543534,0
543594,0
543654,0
543714,0
543774,0
543834,0
543894,0
543954,0
544014,0
544074,0
544134,0
544194,0
544254,0
544314,0
544374,0
544434,0
544494,0
544554,0
544614,0
544674,0
544734,0
544794,0
544854,0
544914,0
544974,0
545034,0
545094,0
545154,0
545214,0
545274,0
545334,0
545394,0
545454,0
545514,0
545574,0
545634,0
545694,0
545754,0
545814,0
545874,0
545934,0
545994,0
546054,0
546114,0
546174,0
546234,0
546294,0
546354,0
546414,0
546474,0
546534,0
546594,0
546654,0
546714,0
546774,0
546834,0
546894,0
546954,0
547014,0
547074,0
547134,0
547194,0
547254,0
547314,0
547374,0
547434,0
547494,0
547554,0
547614,0
547674,0
547734,0
547794,0
547854,0
547914,0
547974,0
548034,0
548094,0
548154,0
548214,0
548274,0
548334,0
548394,0
548454,0
548514,0
548574,0
548634,0
548694,0
548754,0
548814,0
548874,0
548934,0
548994,0
549054,0
549114,0
549174,0
549234,0
549294,0
549354,0
549414,0
549474,0
549534,0
549594,0
549654,0
549714,0
549774,0
549834,0
549894,0
549954,0
550015,0
550075,0
550135,0
550195,0
550255,0
550315,0
550375,0
550435,0
550495,0
550555,0
550615,0
550675,0
550735,0
550795,0
550855,0
550915,0
550975,0
551035,0
551095,0
551155,0
551215,0
551275,0
551335,0
551395,0
551455,0
551515,0
551575,0
551635,0
551695,0
551755,0
551815,0
551875,0
551935,0
551995,0
552055,0
552115,0
552175,0
552235,0
552295,0
552355,0
552415,0
552475,0
552535,0
552595,0
552655,0
552715,0
552775,0
552835,0
552895,0
552955,0
553015,0
553075,0
553135,0
553195,0
553255,0
553315,0
553375,0
553435,0
553495,0
553555,0
553615,0
553675,0
553735,0
553795,0
553855,0
553915,0
553975,0
554035,0
554095,0
554155,0
554215,0
554275,0
554335,0
554395,0
554455,0
554515,0
554575,0
554635,0
554695,0
554755,0
554815,0
554875,0
554935,0
554995,0
555055,0
555115,0
555175,0
555235,0
555295,0
555355,0
555415,0
555475,0
555535,0
555595,0
555655,0
555715,0
555775,0
555835,0
555895,0
555955,0
556015,0
556075,0
556135,0
556195,0
556255,0
556315,0
556375,0
556435,0
556495,0
556555,0
556615,0
556675,0
556735,0
556795,0
556855,0
556915,0
556975,0
557035,0
557095,0
557155,0
557215,0
557275,0
557335,0
557395,0
557455,0
557515,0
557575,0
557635,0
557695,0
557755,0
557815,0
557875,0
557935,0
557995,0
558055,0
558115,0
558175,0
558235,0
558295,0
558355,0
558415,0
558475,0
558535,0
558595,0
558655,0
558715,0
558775,0
558835,0
558895,0
558955,0
559015,0
559075,0
559135,0
559195,0
559255,0
559315,0
559375,0
559435,0
559495,0
559555,0
559615,0
559675,0
559735,0
559795,0
559855,0
559915,0
559975,0
560036,0
560096,0
560156,0
560216,0
560276,0
560336,0
560396,0
560456,0
560516,0
560576,0
560636,0
560696,0
560756,0
560816,0
560876,0
560936,0
560996,0
561056,0
561116,0
561176,0
561236,0
561296,0
561356,0
561416,0
561476,0
561536,0
561596,0
561656,0
561716,0
561776,0
561836,0
561896,0
561956,0
562016,0
562076,0
562136,0
562196,0
562256,0
562316,0
562376,0
562436,0
562496,0
562556,0
562616,0
562676,0
562736,0
562796,0
562856,0
562916,0
562976,0
563036,0
563096,0
563156,0
563216,0
563276,0
563336,0
563396,0
563456,0
563516,0
563576,0
563636,0
563696,0
563756,0
563816,0
563876,0
563936,0
563996,0
564056,0
564116,0
564176,0
564236,0
564296,0
564356,0
564416,0
564476,0
564536,0
564596,0
564656,0
564716,0
564776,0
564836,0
564896,0
564956,0
565016,0
565076,0
565136,0
565196,0
565256,0
565316,0
565376,0
565436,0
565496,0
565556,0
565616,0
565676,0
565736,0
565796,0
565856,0
565916,0
565976,0
566036,0
566096,0
566156,0
566216,0
566276,0
566336,0
566396,0
566456,0
566516,0
566576,0
566636,0
566696,0
566756,0
566816,0
566876,0
566936,0
566996,0
567056,0
567116,0
567176,0
567236,0
567296,0
567356,0
567416,0
567476,0
567536,0
567596,0
567656,0
567716,0
567776,0
567836,0
567896,0
567956,0
568016,0
568076,0
568136,0
568196,0
568256,0
568316,0
568376,0
568436,0
568496,0
568556,0
568616,0
568676,0
568736,0
568796,0
568856,0
568916,0
568976,0
569036,0
569096,0
569156,0
569216,0
569276,0
569336,0
569396,0
569456,0
569516,0
569576,0
569636,0
569696,0
569756,0
569816,0
569876,0
569936,0
569996,0
570057,0
570117,0
570177,0
570237,0
570297,0
570357,0
570417,0
570477,0
570537,0
570597,0
570657,0
570717,0
570777,0
570837,0
570897,0
570957,0
571017,0
571077,0
571137,0
571197,0
571257,0
571317,0
571377,0
571437,0
571497,0
571557,0
571617,0
571677,0
571737,0
571797,0
571857,0
571917,0
571977,0
572037,0
572097,0
572157,0
572217,0
572277,0
572337,0
572397,0
572457,0
572517,0
572577,0
572637,0
572697,0
572757,0
572817,0
572877,0
572937,0
572997,0
573057,0
573117,0
573177,0
573237,0
573297,0
573357,0
573417,0
573477,0
573537,0
573597,0
573657,0
573717,0
573777,0
573837,0
573897,0
573957,0
574017,0
574077,0
574137,0
574197,0
574257,0
574317,0
574377,0
574437,0
574497,0
574557,0
574617,0
574677,0
574737,0
574797,0
574857,0
574917,0
574977,0
575037,0
575097,0
575157,0
575217,0
575277,0
575337,0
575397,0
575457,0
575517,0
575577,0
575637,0
575697,0
575757,0
575817,0
575877,0
575937,0
575997,0
576057,0
576117,0
576177,0
576237,0
576297,0
576357,0
576417,0
576477,0
576537,0
576597,0
576657,0
576717,0
576777,0
576837,0
576897,0
576957,0
577017,0
577077,0
577137,0
577197,0
577257,0
577317,0
577377,0
577437,0
577497,0
577557,0
577617,0
577677,0
577737,0
577797,0
577857,0
577917,0
577977,0
578037,0
578097,0
578157,0
578217,0
578277,0
578337,0
578397,0
578457,0
578517,0
578577,0
578637,0
578697,0
578757,0
578817,0
578877,0
578937,0
578997,0
579057,0
579117,0
579177,0
579237,0
579297,0
579357,0
579417,0
579477,0
579537,0
579597,0
579657,0
579717,0
579777,0
579837,0
579897,0
579957,0
580018,0
580078,0
580138,0
580198,0
580258,0
580318,0
580378,0
580438,0
580498,0
580558,0
580618,0
580678,0
580738,0
580798,0
580858,0
580918,0
580978,0
581038,0
581098,0
581158,0
581218,0
581278,0
581338,0
581398,0
581458,0
581518,0
581578,0
581638,0
581698,0
581758,0
581818,0
581878,0
581938,0
581998,0
582058,0
582118,0
582178,0
582238,0
582298,0
582358,0
582418,0
582478,0
582538,0
582598,0
582658,0
582718,0
582778,0
582838,0
582898,0
582958,0
583018,0
583078,0
583138,0
583198,0
583258,0
583318,0
583378,0
583438,0
583498,0
583558,0
583618,0
583678,0
583738,0
583798,0
583858,0
583918,0
583978,0
584038,0
584098,0
584158,0
584218,0
584278,0
584338,0
584398,0
584458,0
584518,0
584578,0
584638,0
584698,0
584758,0
584818,0
584878,0
584938,0
584998,0
585058,0
585118,0
585178,0
585238,0
585298,0
585358,0
585418,0
585478,0
585538,0
585598,0
585658,0
585718,0
585778,0
585838,0
585898,0
585958,0
586018,0
586078,0
586138,0
586198,0
586258,0
586318,0
586378,0
586438,0
586498,0
586558,0
586618,0
586678,0
586738,0
586798,0
586858,0
586918,0
586978,0
587038,0
587098,0
587158,0
587218,0
587278,0
587338,0
587398,0
587458,0
587518,0
587578,0
587638,0
587698,0
587758,0
587818,0
587878,0
587938,0
587998,0
588058,0
588118,0
588178,0
588238,0
588298,0
588358,0
588418,0
588478,0
588538,0
588598,0
588658,0
588718,0
588778,0
588838,0
588898,0
588958,0
589018,0
589078,0
589138,0
589198,0
589258,0
589318,0
589378,0
589438,0
589498,0
589558,0
589618,0
589678,0
589738,0
589798,0
589858,0
589918,0
589978,0
590039,0
590099,0
590159,0
590219,0
590279,0
590339,0
590399,0
590459,0
590519,0
590579,0
590639,0
590699,0
590759,0
590819,0
590879,0
590939,0
590999,0
591059,0
591119,0
591179,0
591239,0
591299,0
591359,0
591419,0
591479,0
591539,0
591599,0
591659,0
591719,0
591779,0
591839,0
591899,0
591959,0
592019,0
592079,0
592139,0
592199,0
592259,0
592319,0
592379,0
592439,0
592499,0
592559,0
592619,0
592679,0
592739,0
592799,0
592859,0
592919,0
592979,0
593039,0
593099,0
593159,0
593219,0
593279,0
593339,0
593399,0
593459,0
593519,0
593579,0
593639,0
593699,0
593759,0
593819,0
593879,0
593939,0
593999,0
594059,0
594119,0
594179,0
594239,0
594299,0
594359,0
594419,0
594479,0
594539,0
594599,0
594659,0
594719,0
594779,0
594839,0
594899,0
594959,0
595019,0
595079,0
595139,0
595199,0
595259,0
595319,0
595379,0
595439,0
595499,0
595559,0
595619,0
595679,0
595739,0
595799,0
595859,0
595919,0
595979,0
596039,0
596099,0
596159,0
596219,0
596279,0
596339,0
596399,0
596459,0
596519,0
596579,0
596639,0
596699,0
596759,0
596819,0
596879,0
596939,0
596999,0
597059,0
597119,0
597179,0
597239,0
597299,0
597359,0
597419,0
597479,0
597539,0
597599,0
597659,0
597719,0
597779,0
597839,0
597899,0
597959,0
598019,0
598079,0
598139,0
598199,0
598259,0
598319,0
598379,0
598439,0
598499,0
598559,0
598619,0
598679,0
598739,0
598799,0
598859,0
598919,0
598979,0
599039,0
599099,0
599159,0
599219,0
599279,0
599339,0
599399,0
599459,0
599519,0
599579,0
599639,0
599699,0
599759,0
599819,0
599879,0
599939,0
600000,0