Time (ms),Intensity
0,0
65,0
131,0
196,0
262,0
328,0
393,0
459,0
525,0
590,0
656,0
722,0
787,0
853,0
919,0
984,0
1050,0
1115,0
1181,0
1247,0
1312,0
1378,0
1444,0
1509,0
1575,0
1641,0
1706,0
1772,0
1838,0
1903,0
1969,0
2035,0
2100,0
2166,0
2231,0
2297,0
2363,0
2428,0
2494,0
2560,0
2625,0
2691,0
2757,0
2822,0
2888,0
2954,0
3019,0
3085,0
3150,0
3216,0
3282,0
3347,0
3413,0
3479,0
3544,0
3610,0
3676,0
3741,0
3807,0
3873,0
3938,0
4004,0
4070,0
4135,0
4201,0
4266,0
4332,0
4398,0
4463,0
4529,0
4595,0
4660,0
4726,0
4792,0
4857,0
4923,0
4989,0
5054,0
5120,0
5185,0
5251,0
5317,0
5382,0
5448,0
5514,0
5579,0
5645,0
5711,0
5776,0
5842,0
5908,0
5973,0
6039,0
6105,0
6170,0
6236,0
6301,0
6367,0
6433,0
6498,0
6564,0
6630,0
6695,0
6761,0
6827,0
6892,0
6958,0
7024,0
7089,0
7155,0
7221,0
7286,0
7352,0
7417,0
7483,0
7549,0
7614,0
7680,0
7746,0
7811,0
7877,0
7943,0
8008,0
8074,0
8140,0
8205,0
8271,0
8336,0
8402,0
8468,0
8533,0
8599,0
8665,0
8730,0
8796,0
8862,0
8927,0
8993,0
9059,0
9124,0
9190,0
9256,0
9321,0
9387,0
9452,0
9518,0
9584,0
9649,0
9715,0
9781,0
9846,0
9912,0
9978,0
10043,0
10109,0
10175,0
10240,0
10306,0
10371,0
10437,0
10503,0
10568,0
10634,0
10700,0
10765,0
10831,0
10897,0
10962,0
11028,0
11094,0
11159,0
11225,0
11291,0
11356,0
11422,0
11487,0
11553,0
11619,0
11684,0
11750,0
11816,0
11881,0
11947,0
12013,0
12078,0
12144,0
12210,0
12275,0
12341,0
12407,0
12472,0
12538,0
12603,0
12669,0
12735,0
12800,0
12866,0
12932,0
12997,0
13063,0
13129,0
13194,0
13260,0
13326,0
13391,0
13457,0
13522,0
13588,0
13654,0
13719,0
13785,0
13851,0
13916,0
13982,0
14048,0
14113,0
14179,0
14245,0
14310,0
14376,0
14442,0
14507,0
14573,0
14638,0
14704,0
14770,0
14835,0
14901,0
14967,0
15032,0
15098,0
15164,0
15229,0
15295,0
15361,0
15426,0
15492,0
15557,0
15623,0
15689,0
15754,0
15820,0
15886,0
15951,0
16017,0
16083,0
16148,0
16214,0
16280,0
16345,0
16411,0
16477,0
16542,0
16608,0
16673,0
16739,0
16805,0
16870,0
16936,0
17002,0
17067,0
17133,0
17199,0
17264,0
17330,0
17396,0
17461,0
17527,0
17592,0
17658,0
17724,0
17789,0
17855,0
17921,0
17986,0
18052,0
18118,0
18183,0
18249,0
18315,0
18380,0
18446,0
18512,0
18577,0
18643,0
18708,0
18774,0
18840,0
18905,0
18971,0
19037,0
19102,0
19168,0
19234,0
19299,0
19365,0
19431,0
19496,0
19562,0
19628,0
19693,0
19759,0
19824,0
19890,0
19956,0
20021,0
20087,0
20153,0
20218,0
20284,0
20350,0
20415,0
20481,0
20547,0
20612,0
20678,0
20743,0
20809,0
20875,0
20940,0
21006,0
21072,0
21137,0
21203,0
21269,0
21334,0
21400,0
21466,0
21531,0
21597,0
21663,0
21728,0
21794,0
21859,0
21925,0
21991,0
22056,0
22122,0
22188,0
22253,0
22319,0
22385,0
22450,0
22516,0
22582,0
22647,0
22713,0
22778,0
22844,0
22910,0
22975,0
23041,0
23107,0
23172,0
23238,0
23304,0
23369,0
23435,0
23501,0
23566,0
23632,0
23698,0
23763,0
23829,0
23894,0
23960,0
24026,0
24091,0
24157,0
24223,0
24288,0
24354,0
24420,0
24485,0
24551,0
24617,0
24682,0
24748,0
24814,0
24879,0
24945,0
25010,0
25076,0
25142,0
25207,0
25273,0
25339,0
25404,0
25470,0
25536,0
25601,0
25667,0
25733,0
25798,0
25864,0
25929,0
25995,0
26061,0
26126,0
26192,0
26258,0
26323,0
26389,0
26455,0
26520,0
26586,0
26652,0
26717,0
26783,0
26849,0
26914,0
26980,0
27045,0
27111,0
27177,0
27242,0
27308,0
27374,0
27439,0
27505,0
27571,0
27636,0
27702,0
27768,0
27833,0
27899,0
27964,0
28030,0
28096,0
28161,0
28227,0
28293,0
28358,0
28424,0
28490,0
28555,0
28621,0
28687,0
28752,0
28818,0
28884,0
28949,0
29015,0
29080,0
29146,0
29212,0
29277,0
29343,0
29409,0
29474,0
29540,0
29606,0
29671,0
29737,0
29803,0
29868,0
29934,0
30000,0
30065,0
30131,0
30196,0
30262,0
30328,0
30393,0
30459,0
30525,0
30590,0
30656,0
30722,0
30787,0
30853,0
30919,0
30984,0
31050,0
31115,0
31181,0
31247,0
31312,0
31378,0
31444,0
31509,0
31575,0
31641,0
31706,0
31772,0
31838,0
31903,0
31969,0
32035,0
32100,0
32166,0
32231,0
32297,0
32363,0
32428,0
32494,0
32560,0
32625,0
32691,0
32757,0
32822,0
32888,0
32954,0
33019,0
33085,0
33150,0
33216,0
33282,0
33347,0
33413,0
33479,0
33544,0
33610,0
33676,0
33741,0
33807,0
33873,0
33938,0
34004,0
34070,0
34135,0
34201,0
34266,0
34332,0
34398,0
34463,0
34529,0
34595,0
34660,0
34726,0
34792,0
34857,0
34923,0
34989,0
35054,0
35120,0
35185,0
35251,0
35317,0
35382,0
35448,0
35514,0
35579,0
35645,0
35711,0
35776,0
35842,0
35908,0
35973,0
36039,0
36105,0
36170,0
36236,0
36301,0
36367,0
36433,0
36498,0
36564,0
36630,0
36695,0
36761,0
36827,0
36892,0
36958,0
37024,0
37089,0
37155,0
37221,0
37286,0
37352,0
37417,0
37483,0
37549,0
37614,0
37680,0
37746,0
37811,0
37877,0
37943,0
38008,0
38074,0
38140,0
38205,0
38271,0
38336,0
38402,0
38468,0
38533,0
38599,0
38665,0
38730,0
38796,0
38862,0
38927,0
38993,0
39059,0
39124,0
39190,0
39256,0
39321,0
39387,0
39452,0
39518,0
39584,0
39649,0
39715,0
39781,0
39846,0
39912,0
39978,0
40043,0
40109,0
40175,0
40240,0
40306,0
40371,0
40437,0
40503,0
40568,0
40634,0
40700,0
40765,0
40831,0
40897,0
40962,0
41028,0
41094,0
41159,0
41225,0
41291,0
41356,0
41422,0
41487,0
41553,0
41619,0
41684,0
41750,0
41816,0
41881,0
41947,0
42013,0
42078,0
42144,0
42210,0
42275,0
42341,0
42407,0
42472,0
42538,0
42603,0
42669,0
42735,0
42800,0
42866,0
42932,0
42997,0
43063,0
43129,0
43194,0
43260,0
43326,0
43391,0
43457,0
43522,0
43588,0
43654,0
43719,0
43785,0
43851,0
43916,0
43982,0
44048,0
44113,0
44179,0
44245,0
44310,0
44376,0
44442,0
44507,0
44573,0
44638,0
44704,0
44770,0
44835,0
44901,0
44967,0
45032,0
45098,0
45164,0
45229,0
45295,0
45361,0
45426,0
45492,0
45557,0
45623,0
45689,0
45754,0
45820,0
45886,0
45951,0
46017,0
46083,0
46148,0
46214,0
46280,0
46345,0
46411,0
46477,0
46542,0
46608,0
46673,0
46739,0
46805,0
46870,0
46936,0
47002,0
47067,0
47133,0
47199,0
47264,0
47330,0
47396,0
47461,0
47527,0
47592,0
47658,0
47724,0
47789,0
47855,0
47921,0
47986,0
48052,0
48118,0
48183,0
48249,0
48315,0
48380,0
48446,0
48512,0
48577,0
48643,0
48708,0
48774,0
48840,0
48905,0
48971,0
49037,0
49102,0
49168,0
49234,0
49299,0
49365,0
49431,0
49496,0
49562,0
49628,0
49693,0
49759,0
49824,0
49890,0
49956,0
50021,0
50087,0
50153,0
50218,0
50284,0
50350,0
50415,0
50481,0
50547,0
50612,0
50678,0
50743,0
50809,0
50875,0
50940,0
51006,0
51072,0
51137,0
51203,0
51269,0
51334,0
51400,0
51466,0
51531,0
51597,0
51663,0
51728,0
51794,0
51859,0
51925,0
51991,0
52056,0
52122,0
52188,0
52253,0
52319,0
52385,0
52450,0
52516,0
52582,0
52647,0
52713,0
52778,0
52844,0
52910,0
52975,0
53041,0
53107,0
53172,0
53238,0
53304,0
53369,0
53435,0
53501,0
53566,0
53632,0
53698,0
53763,0
53829,0
53894,0
53960,0
54026,0
54091,0
54157,0
54223,0
54288,0
54354,0
54420,0
54485,0
54551,0
54617,0
54682,0
54748,0
54814,0
54879,0
54945,0
55010,0
55076,0
55142,0
55207,0
55273,0
55339,0
55404,0
55470,0
55536,0
55601,0
55667,0
55733,0
55798,0
55864,0
55929,0
55995,0
56061,0
56126,0
56192,0
56258,0
56323,0
56389,0
56455,0
56520,0
56586,0
56652,0
56717,0
56783,0
56849,0
56914,0
56980,0
57045,0
57111,0
57177,0
57242,0
57308,0
57374,0
57439,0
57505,0
57571,0
57636,0
57702,0
57768,0
57833,0
57899,0
57964,0
58030,0
58096,0
58161,0
58227,0
58293,0
58358,0
58424,0
58490,0
58555,0
58621,0
58687,0
58752,0
58818,0
58884,0
58949,0
59015,0
59080,0
59146,0
59212,0
59277,0
59343,0
59409,0
59474,0
59540,0
59606,0
59671,0
59737,0
59803,0
59868,0
59934,0
60000,0
60065,0
60131,0
60196,0
60262,0
60328,0
60393,0
60459,0
60525,0
60590,0
60656,0
60722,0
60787,0
60853,0
60919,0
60984,0
61050,0
61115,0
61181,0
61247,0
61312,0
61378,0
61444,0
61509,0
61575,0
61641,0
61706,0
61772,0
61838,0
61903,0
61969,0
62035,0
62100,0
62166,0
62231,0
62297,0
62363,0
62428,0
62494,0
62560,0
62625,0
62691,0
62757,0
62822,0
62888,0
62954,0
63019,0
63085,0
63150,0
63216,0
63282,0
63347,0
63413,0
63479,0
63544,0
63610,0
63676,0
63741,0
63807,0
63873,0
63938,0
64004,0
64070,0
64135,0
64201,0
64266,0
64332,0
64398,0
64463,0
64529,0
64595,0
64660,0
64726,0
64792,0
64857,0
64923,0
64989,0
65054,0
65120,0
65185,0
65251,0
65317,0
65382,0
65448,0
65514,0
65579,0
65645,0
65711,0
65776,0
65842,0
65908,0
65973,0
66039,0
66105,0
66170,0
66236,0
66301,0
66367,0
66433,0
66498,0
66564,0
66630,0
66695,0
66761,0
66827,0
66892,0
66958,0
67024,0
67089,0
67155,0
67221,0
67286,0
67352,0
67417,0
67483,0
67549,0
67614,0
67680,0
67746,0
67811,0
67877,0
67943,0
68008,0
68074,0
68140,0
68205,0
68271,0
68336,0
68402,0
68468,0
68533,0
68599,0
68665,0
68730,0
68796,0
68862,0
68927,0
68993,0
69059,0
69124,0
69190,0
69256,0
69321,0
69387,0
69452,0
69518,0
69584,0
69649,0
69715,0
69781,0
69846,0
69912,0
69978,0
70043,0
70109,0
70175,0
70240,0
70306,0
70371,0
70437,0
70503,0
70568,0
70634,0
70700,0
70765,0
70831,0
70897,0
70962,0
71028,0
71094,0
71159,0
71225,0
71291,0
71356,0
71422,0
71487,0
71553,0
71619,0
71684,0
71750,0
71816,0
71881,0
71947,0
72013,0
72078,0
72144,0
72210,0
72275,0
72341,0
72407,0
72472,0
72538,0
72603,0
72669,0
72735,0
72800,0
72866,0
72932,0
72997,0
73063,0
73129,0
73194,0
73260,0
73326,0
73391,0
73457,0
73522,0
73588,0
73654,0
73719,0
73785,0
73851,0
73916,0
73982,0
74048,0
74113,0
74179,0
74245,0
74310,0
74376,0
74442,0
74507,0
74573,0
74638,0
74704,0
74770,0
74835,0
74901,0
74967,0
75032,0
75098,0
75164,0
75229,0
75295,0
75361,0
75426,0
75492,0
75557,0
75623,0
75689,0
75754,0
75820,0
75886,0
75951,0
76017,0
76083,0
76148,0
76214,0
76280,0
76345,0
76411,0
76477,0
76542,0
76608,0
76673,0
76739,0
76805,0
76870,0
76936,0
77002,0
77067,0
77133,0
77199,0
77264,0
77330,0
77396,0
77461,0
77527,0
77592,0
77658,0
77724,0
77789,0
77855,0
77921,0
77986,0
78052,0
78118,0
78183,0
78249,0
78315,0
78380,0
78446,0
78512,0
78577,0
78643,0
78708,0
78774,0
78840,0
78905,0
78971,0
79037,0
79102,0
79168,0
79234,0
79299,0
79365,0
79431,0
79496,0
79562,0
79628,0
79693,0
79759,0
79824,0
79890,0
79956,0
80021,0
80087,0
80153,0
80218,0
80284,0
80350,0
80415,0
80481,0
80547,0
80612,0
80678,0
80743,0
80809,0
80875,0
80940,0
81006,0
81072,0
81137,0
81203,0
81269,0
81334,0
81400,0
81466,0
81531,0
81597,0
81663,0
81728,0
81794,0
81859,0
81925,0
81991,0
82056,0
82122,0
82188,0
82253,0
82319,0
82385,0
82450,0
82516,0
82582,0
82647,0
82713,0
82778,0
82844,0
82910,0
82975,0
83041,0
83107,0
83172,0
83238,0
83304,0
83369,0
83435,0
83501,0
83566,0
83632,0
83698,0
83763,0
83829,0
83894,0
83960,0
84026,0
84091,0
84157,0
84223,0
84288,0
84354,0
84420,0
84485,0
84551,0
84617,0
84682,0
84748,0
84814,0
84879,0
84945,0
85010,0
85076,0
85142,0
85207,0
85273,0
85339,0
85404,0
85470,0
85536,0
85601,0
85667,0
85733,0
85798,0
85864,0
85929,0
85995,0
86061,0
86126,0
86192,0
86258,0
86323,0
86389,0
86455,0
86520,0
86586,0
86652,0
86717,0
86783,0
86849,0
86914,0
86980,0
87045,0
87111,0
87177,0
87242,0
87308,0
87374,0
87439,0
87505,0
87571,0
87636,0
87702,0
87768,0
87833,0
87899,0
87964,0
88030,0
88096,0
88161,0
88227,0
88293,0
88358,0
88424,0
88490,0
88555,0
88621,0
88687,0
88752,0
88818,0
88884,0
88949,0
89015,0
89080,0
89146,0
89212,0
89277,0
89343,0
89409,0
89474,0
89540,0
89606,0
89671,0
89737,0
89803,0
89868,0
89934,0
90000,0
90065,0
90131,0
90196,0
90262,0
90328,0
90393,0
90459,0
90525,0
90590,0
90656,0
90722,0
90787,0
90853,0
90919,0
90984,0
91050,0
91115,0
91181,0
91247,0
91312,0
91378,0
91444,0
91509,0
91575,0
91641,0
91706,0
91772,0
91838,0
91903,0
91969,0
92035,0
92100,0
92166,0
92231,0
92297,0
92363,0
92428,0
92494,0
92560,0
92625,0
92691,0
92757,0
92822,0
92888,0
92954,0
93019,0
93085,0
93150,0
93216,0
93282,0
93347,0
93413,0
93479,0
93544,0
93610,0
93676,0
93741,0
93807,0
93873,0
93938,0
94004,0
94070,0
94135,0
94201,0
94266,0
94332,0
94398,0
94463,0
94529,0
94595,0
94660,0
94726,0
94792,0
94857,0
94923,0
94989,0
95054,0
95120,0
95185,0
95251,0
95317,0
95382,0
95448,0
95514,0
95579,0
95645,0
95711,0
95776,0
95842,0
95908,0
95973,0
96039,0
96105,0
96170,0
96236,0
96301,0
96367,0
96433,0
96498,0
96564,0
96630,0
96695,0
96761,0
96827,0
96892,0
96958,0
97024,0
97089,0
97155,0
97221,0
97286,0
97352,0
97417,0
97483,0
97549,0
97614,0
97680,0
97746,0
97811,0
97877,0
97943,0
98008,0
98074,0
98140,0
98205,0
98271,0
98336,0
98402,0
98468,0
98533,0
98599,0
98665,0
98730,0
98796,0
98862,0
98927,0
98993,0
99059,0
99124,0
99190,0
99256,0
99321,0
99387,0
99452,0
99518,0
99584,0
99649,0
99715,0
99781,0
99846,0
99912,0
99978,0
100043,0
100109,0
100175,0
100240,0
100306,0
100371,0
100437,0
100503,0
100568,0
100634,0
100700,0
100765,0
100831,0
100897,0
100962,0
101028,0
101094,0
101159,0
101225,0
101291,0
101356,0
101422,0
101487,0
101553,0
101619,0
101684,0
101750,0
101816,0
101881,0
101947,0
102013,0
102078,0
102144,0
102210,0
102275,0
102341,0
102407,0
102472,0
102538,0
102603,0
102669,0
102735,0
102800,0
102866,0
102932,0
102997,0
103063,0
103129,0
103194,0
103260,0
103326,0
103391,0
103457,0
103522,0
103588,0
103654,0
103719,0
103785,0
103851,0
103916,0
103982,0
104048,0
104113,0
104179,0
104245,0
104310,0
104376,0
104442,0
104507,0
104573,0
104638,0
104704,0
104770,0
104835,0
104901,0
104967,0
105032,0
105098,0
105164,0
105229,0
105295,0
105361,0
105426,0
105492,0
105557,0
105623,0
105689,0
105754,0
105820,0
105886,0
105951,0
106017,0
106083,0
106148,0
106214,0
106280,0
106345,0
106411,0
106477,0
106542,0
106608,0
106673,0
106739,0
106805,0
106870,0
106936,0
107002,0
107067,0
107133,0
107199,0
107264,0
107330,0
107396,0
107461,0
107527,0
107592,0
107658,0
107724,0
107789,0
107855,0
107921,0
107986,0
108052,0
108118,0
108183,0
108249,0
108315,0
108380,0
108446,0
108512,0
108577,0
108643,0
108708,0
108774,0
108840,0
108905,0
108971,0
109037,0
109102,0
109168,0
109234,0
109299,0
109365,0
109431,0
109496,0
109562,0
109628,0
109693,0
109759,0
109824,0
109890,0
109956,0
110021,0
110087,0
110153,0
110218,0
110284,0
110350,0
110415,0
110481,0
110547,0
110612,0
110678,0
110743,0
110809,0
110875,0
110940,0
111006,0
111072,0
111137,0
111203,0
111269,0
111334,0
111400,0
111466,0
111531,0
111597,0
111663,0
111728,0
111794,0
111859,0
111925,0
111991,0
112056,0
112122,0
112188,0
112253,0
112319,0
112385,0
112450,0
112516,0
112582,0
112647,0
112713,0
112778,0
112844,0
112910,0
112975,0
113041,0
113107,0
113172,0
113238,0
113304,0
113369,0
113435,0
113501,0
113566,0
113632,0
113698,0
113763,0
113829,0
113894,0
113960,0
114026,0
114091,0
114157,0
114223,0
114288,0
114354,0
114420,0
114485,0
114551,0
114617,0
114682,0
114748,0
114814,0
114879,0
114945,0
115010,0
115076,0
115142,0
115207,0
115273,0
115339,0
115404,0
115470,0
115536,0
115601,0
115667,0
115733,0
115798,0
115864,0
115929,0
115995,0
116061,0
116126,0
116192,0
116258,0
116323,0
116389,0
116455,0
116520,0
116586,0
116652,0
116717,0
116783,0
116849,0
116914,0
116980,0
117045,0
117111,0
117177,0
117242,0
117308,0
117374,0
117439,0
117505,0
117571,0
117636,0
117702,0
117768,0
117833,0
117899,0
117964,0
118030,0
118096,0
118161,0
118227,0
118293,0
118358,0
118424,0
118490,0
118555,0
118621,0
118687,0
118752,0
118818,0
118884,0
118949,0
119015,0
119080,0
119146,0
119212,0
119277,0
119343,0
119409,0
119474,0
119540,0
119606,0
119671,0
119737,0
119803,0
119868,0
119934,0
120000,0
120065,0
120131,0
120196,0
120262,0
120328,0
120393,0
120459,0
120525,0
120590,0
120656,0
120722,0
120787,0
120853,0
120919,0
120984,0
121050,0
121115,0
121181,0
121247,0
121312,0
121378,0
121444,0
121509,0
121575,0
121641,0
121706,0
121772,0
121838,0
121903,0
121969,0
122035,0
122100,0
122166,0
122231,0
122297,0
122363,0
122428,0
122494,0
122560,0
122625,0
122691,0
122757,0
122822,0
122888,0
122954,0
123019,0
123085,0
123150,0
123216,0
123282,0
123347,0
123413,0
123479,0
123544,0
123610,0
123676,0
123741,0
123807,0
123873,0
123938,0
124004,0
124070,0
124135,0
124201,0
124266,0
124332,0
124398,0
124463,0
124529,0
124595,0
124660,0
124726,0
124792,0
124857,0
124923,0
124989,0
125054,0
125120,0
125185,0
125251,0
125317,0
125382,0
125448,0
125514,0
125579,0
125645,0
125711,0
125776,0
125842,0
125908,0
125973,0
126039,0
126105,0
126170,0
126236,0
126301,0
126367,0
126433,0
126498,0
126564,0
126630,0
126695,0
126761,0
126827,0
126892,0
126958,0
127024,0
127089,0
127155,0
127221,0
127286,0
127352,0
127417,0
127483,0
127549,0
127614,0
127680,0
127746,0
127811,0
127877,0
127943,0
128008,0
128074,0
128140,0
128205,0
128271,0
128336,0
128402,0
128468,0
128533,0
128599,0
128665,0
128730,0
128796,0
128862,0
128927,0
128993,0
129059,0
129124,0
129190,0
129256,0
129321,0
129387,0
129452,0
129518,0
129584,0
129649,0
129715,0
129781,0
129846,0
129912,0
129978,0
130043,0
130109,0
130175,0
130240,0
130306,0
130371,0
130437,0
130503,0
130568,0
130634,0
130700,0
130765,0
130831,0
130897,0
130962,0
131028,0
131094,0
131159,0
131225,0
131291,0
131356,0
131422,0
131487,0
131553,0
131619,0
131684,0
131750,0
131816,0
131881,0
131947,0
132013,0
132078,0
132144,0
132210,0
132275,0
132341,0
132407,0
132472,0
132538,0
132603,0
132669,0
132735,0
132800,0
132866,0
132932,0
132997,0
133063,0
133129,0
133194,0
133260,0
133326,0
133391,0
133457,0
133522,0
133588,0
133654,0
133719,0
133785,0
133851,0
133916,0
133982,0
134048,0
134113,0
134179,0
134245,0
134310,0
134376,0
134442,0
134507,0
134573,0
134638,0
134704,0
134770,0
134835,0
134901,0
134967,0
135032,0
135098,0
135164,0
135229,0
135295,0
135361,0
135426,0
135492,0
135557,0
135623,0
135689,0
135754,0
135820,0
135886,0
135951,0
136017,0
136083,0
136148,0
136214,0
136280,0
136345,0
136411,0
136477,0
136542,0
136608,0
136673,0
136739,0
136805,0
136870,0
136936,0
137002,0
137067,0
137133,0
137199,0
137264,0
137330,0
137396,0
137461,0
137527,0
137592,0
137658,0
137724,0
137789,0
137855,0
137921,0
137986,0
138052,0
138118,0
138183,0
138249,0
138315,0
138380,0
138446,0
138512,0
138577,0
138643,0
138708,0
138774,0
138840,0
138905,0
138971,0
139037,0
139102,0
139168,0
139234,0
139299,0
139365,0
139431,0
139496,0
139562,0
139628,0
139693,0
139759,0
139824,0
139890,0
139956,0
140021,0
140087,0
140153,0
140218,0
140284,0
140350,0
140415,0
140481,0
140547,0
140612,0
140678,0
140743,0
140809,0
140875,0
140940,0
141006,0
141072,0
141137,0
141203,0
141269,0
141334,0
141400,0
141466,0
141531,0
141597,0
141663,0
141728,0
141794,0
141859,0
141925,0
141991,0
142056,0
142122,0
142188,0
142253,0
142319,0
142385,0
142450,0
142516,0
142582,0
142647,0
142713,0
142778,0
142844,0
142910,0
142975,0
143041,0
143107,0
143172,0
143238,0
143304,0
143369,0
143435,0
143501,0
143566,0
143632,0
143698,0
143763,0
143829,0
143894,0
143960,0
144026,0
144091,0
144157,0
144223,0
144288,0
144354,0
144420,0
144485,0
144551,0
144617,0
144682,0
144748,0
144814,0
144879,0
144945,0
145010,0
145076,0
145142,0
145207,0
145273,0
145339,0
145404,0
145470,0
145536,0
145601,0
145667,0
145733,0
145798,0
145864,0
145929,0
145995,0
146061,0
146126,0
146192,0
146258,0
146323,0
146389,0
146455,0
146520,0
146586,0
146652,0
146717,0
146783,0
146849,0
146914,0
146980,0
147045,0
147111,0
147177,0
147242,0
147308,0
147374,0
147439,0
147505,0
147571,0
147636,0
147702,0
147768,0
147833,0
147899,0
147964,0
148030,0
148096,0
148161,0
148227,0
148293,0
148358,0
148424,0
148490,0
148555,0
148621,0
148687,0
148752,0
148818,0
148884,0
148949,0
149015,0
149080,0
149146,0
149212,0
149277,0
149343,0
149409,0
149474,0
149540,0
149606,0
149671,0
149737,0
149803,0
149868,0
149934,0
150000,0
150065,0
150131,0
150196,0
150262,0
150328,0
150393,0
150459,0
150525,0
150590,0
150656,0
150722,0
150787,0
150853,0
150919,0
150984,0
151050,0
151115,0
151181,0
151247,0
151312,0
151378,0
151444,0
151509,0
151575,0
151641,0
151706,0
151772,0
151838,0
151903,0
151969,0
152035,0
152100,0
152166,0
152231,0
152297,0
152363,0
152428,0
152494,0
152560,0
152625,0
152691,0
152757,0
152822,0
152888,0
152954,0
153019,0
153085,0
153150,0
153216,0
153282,0
153347,0
153413,0
153479,0
153544,0
153610,0
153676,0
153741,0
153807,0
153873,0
153938,0
154004,0
154070,0
154135,0
154201,0
154266,0
154332,0
154398,0
154463,0
154529,0
154595,0
154660,0
154726,0
154792,0
154857,0
154923,0
154989,0
155054,0
155120,0
155185,0
155251,0
155317,0
155382,0
155448,0
155514,0
155579,0
155645,0
155711,0
155776,0
155842,0
155908,0
155973,0
156039,0
156105,0
156170,0
156236,0
156301,0
156367,0
156433,0
156498,0
156564,0
156630,0
156695,0
156761,0
156827,0
156892,0
156958,0
157024,0
157089,0
157155,0
157221,0
157286,0
157352,0
157417,0
157483,0
157549,0
157614,0
157680,0
157746,0
157811,0
157877,0
157943,0
158008,0
158074,0
158140,0
158205,0
158271,0
158336,0
158402,0
158468,0
158533,0
158599,0
158665,0
158730,0
158796,0
158862,0
158927,0
158993,0
159059,0
159124,0
159190,0
159256,0
159321,0
159387,0
159452,0
159518,0
159584,0
159649,0
159715,0
159781,0
159846,0
159912,0
159978,0
160043,0
160109,0
160175,0
160240,0
160306,0
160371,0
160437,0
160503,0
160568,0
160634,0
160700,0
160765,0
160831,0
160897,0
160962,0
161028,0
161094,0
161159,0
161225,0
161291,0
161356,0
161422,0
161487,0
161553,0
161619,0
161684,0
161750,0
161816,0
161881,0
161947,0
162013,0
162078,0
162144,0
162210,0
162275,0
162341,0
162407,0
162472,0
162538,0
162603,0
162669,0
162735,0
162800,0
162866,0
162932,0
162997,0
163063,0
163129,0
163194,0
163260,0
163326,0
163391,0
163457,0
163522,0
163588,0
163654,0
163719,0
163785,0
163851,0
163916,0
163982,0
164048,0
164113,0
164179,0
164245,0
164310,0
164376,0
164442,0
164507,0
164573,0
164638,0
164704,0
164770,0
164835,0
164901,0
164967,0
165032,0
165098,0
165164,0
165229,0
165295,0
165361,0
165426,0
165492,0
165557,0
165623,0
165689,0
165754,0
165820,0
165886,0
165951,0
166017,0
166083,0
166148,0
166214,0
166280,0
166345,0
166411,0
166477,0
166542,0
166608,0
166673,0
166739,0
166805,0
166870,0
166936,0
167002,0
167067,0
167133,0
167199,0
167264,0
167330,0
167396,0
167461,0
167527,0
167592,0
167658,0
167724,0
167789,0
167855,0
167921,0
167986,0
168052,0
168118,0
168183,0
168249,0
168315,0
168380,0
168446,0
168512,0
168577,0
168643,0
168708,0
168774,0
168840,0
168905,0
168971,0
169037,0
169102,0
169168,0
169234,0
169299,0
169365,0
169431,0
169496,0
169562,0
169628,0
169693,0
169759,0
169824,0
169890,0
169956,0
170021,0
170087,0
170153,0
170218,0
170284,0
170350,0
170415,0
170481,0
170547,0
170612,0
170678,0
170743,0
170809,0
170875,0
170940,0
171006,0
171072,0
171137,0
171203,0
171269,0
171334,0
171400,0
171466,0
171531,0
171597,0
171663,0
171728,0
171794,0
171859,0
171925,0
171991,0
172056,0
172122,0
172188,0
172253,0
172319,0
172385,0
172450,0
172516,0
172582,0
172647,0
172713,0
172778,0
172844,0
172910,0
172975,0
173041,0
173107,0
173172,0
173238,0
173304,0
173369,0
173435,0
173501,0
173566,0
173632,0
173698,0
173763,0
173829,0
173894,0
173960,0
174026,0
174091,0
174157,0
174223,0
174288,0
174354,0
174420,0
174485,0
174551,0
174617,0
174682,0
174748,0
174814,0
174879,0
174945,0
175010,0
175076,0
175142,0
175207,0
175273,0
175339,0
175404,0
175470,0
175536,0
175601,0
175667,0
175733,0
175798,0
175864,0
175929,0
175995,0
176061,0
176126,0
176192,0
176258,0
176323,0
176389,0
176455,0
176520,0
176586,0
176652,0
176717,0
176783,0
176849,0
176914,0
176980,0
177045,0
177111,0
177177,0
177242,0
177308,0
177374,0
177439,0
177505,0
177571,0
177636,0
177702,0
177768,0
177833,0
177899,0
177964,0
178030,0
178096,0
178161,0
178227,0
178293,0
178358,0
178424,0
178490,0
178555,0
178621,0
178687,0
178752,0
178818,0
178884,0
178949,0
179015,0
179080,0
179146,0
179212,0
179277,0
179343,0
179409,0
179474,0
179540,0
179606,0
179671,0
179737,0
179803,0
179868,0
179934,0
180000,0
180065,0
180131,0
180196,0
180262,0
180328,0
180393,0
180459,0
180525,0
180590,0
180656,0
180722,0
180787,0
180853,0
180919,0
180984,0
181050,0
181115,0
181181,0
181247,0
181312,0
181378,0
181444,0
181509,0
181575,0
181641,0
181706,0
181772,0
181838,0
181903,0
181969,0
182035,0
182100,0
182166,0
182231,0
182297,0
182363,0
182428,0
182494,0
182560,0
182625,0
182691,0
182757,0
182822,0
182888,0
182954,0
183019,0
183085,0
183150,0
183216,0
183282,0
183347,0
183413,0
183479,0
183544,0
183610,0
183676,0
183741,0
183807,0
183873,0
183938,0
184004,0
184070,0
184135,0
184201,0
184266,0
184332,0
184398,0
184463,0
184529,0
184595,0
184660,0
184726,0
184792,0
184857,0
184923,0
184989,0
185054,0
185120,0
185185,0
185251,0
185317,0
185382,0
185448,0
185514,0
185579,0
185645,0
185711,0
185776,0
185842,0
185908,0
185973,0
186039,0
186105,0
186170,0
186236,0
186301,0
186367,0
186433,0
186498,0
186564,0
186630,0
186695,0
186761,0
186827,0
186892,0
186958,0
187024,0
187089,0
187155,0
187221,0
187286,0
187352,0
187417,0
187483,0
187549,0
187614,0
187680,0
187746,0
187811,0
187877,0
187943,0
188008,0
188074,0
188140,0
188205,0
188271,0
188336,0
188402,0
188468,0
188533,0
188599,0
188665,0
188730,0
188796,0
188862,0
188927,0
188993,0
189059,0
189124,0
189190,0
189256,0
189321,0
189387,0
189452,0
189518,0
189584,0
189649,0
189715,0
189781,0
189846,0
189912,0
189978,0
190043,0
190109,0
190175,0
190240,0
190306,0
190371,0
190437,0
190503,0
190568,0
190634,0
190700,0
190765,0
190831,0
190897,0
190962,0
191028,0
191094,0
191159,0
191225,0
191291,0
191356,0
191422,0
191487,0
191553,0
191619,0
191684,0
191750,0
191816,0
191881,0
191947,0
192013,0
192078,0
192144,0
192210,0
192275,0
192341,0
192407,0
192472,0
192538,0
192603,0
192669,0
192735,0
192800,0
192866,0
192932,0
192997,0
193063,0
193129,0
193194,0
193260,0
193326,0
193391,0
193457,0
193522,0
193588,0
193654,0
193719,0
193785,0
193851,0
193916,0
193982,0
194048,0
194113,0
194179,0
194245,0
194310,0
194376,0
194442,0
194507,0
194573,0
194638,0
194704,0
194770,0
194835,0
194901,0
194967,0
195032,0
195098,0
195164,0
195229,0
195295,0
195361,0
195426,0
195492,0
195557,0
195623,0
195689,0
195754,0
195820,0
195886,0
195951,0
196017,0
196083,0
196148,0
196214,0
196280,0
196345,0
196411,0
196477,0
196542,0
196608,0
196673,0
196739,0
196805,0
196870,0
196936,0
197002,0
197067,0
197133,0
197199,0
197264,0
197330,0
197396,0
197461,0
197527,0
197592,0
197658,0
197724,0
197789,0
197855,0
197921,0
197986,0
198052,0
198118,0
198183,0
198249,0
198315,0
198380,0
198446,0
198512,0
198577,0
198643,0
198708,0
198774,0
198840,0
198905,0
198971,0
199037,0
199102,0
199168,0
199234,0
199299,0
199365,0
199431,0
199496,0
199562,0
199628,0
199693,0
199759,0
199824,0
199890,0
199956,0
200021,0
200087,0
200153,0
200218,0
200284,0
200350,0
200415,0
200481,0
200547,0
200612,0
200678,0
200743,0
200809,0
200875,0
200940,0
201006,0
201072,0
201137,0
201203,0
201269,0
201334,0
201400,0
201466,0
201531,0
201597,0
201663,0
201728,0
201794,0
201859,0
201925,0
201991,0
202056,0
202122,0
202188,0
202253,0
202319,0
202385,0
202450,0
202516,0
202582,0
202647,0
202713,0
202778,0
202844,0
202910,0
202975,0
203041,0
203107,0
203172,0
203238,0
203304,0
203369,0
203435,0
203501,0
203566,0
203632,0
203698,0
203763,0
203829,0
203894,0
203960,0
204026,0
204091,0
204157,0
204223,0
204288,0
204354,0
204420,0
204485,0
204551,0
204617,0
204682,0
204748,0
204814,0
204879,0
204945,0
205010,0
205076,0
205142,0
205207,0
205273,0
205339,0
205404,0
205470,0
205536,0
205601,0
205667,0
205733,0
205798,0
205864,0
205929,0
205995,0
206061,0
206126,0
206192,0
206258,0
206323,0
206389,0
206455,0
206520,0
206586,0
206652,0
206717,0
206783,0
206849,0
206914,0
206980,0
207045,0
207111,0
207177,0
207242,0
207308,0
207374,0
207439,0
207505,0
207571,0
207636,0
207702,0
207768,0
207833,0
207899,0
207964,0
208030,0
208096,0
208161,0
208227,0
208293,0
208358,0
208424,0
208490,0
208555,0
208621,0
208687,0
208752,0
208818,0
208884,0
208949,0
209015,0
209080,0
209146,0
209212,0
209277,0
209343,0
209409,0
209474,0
209540,0
209606,0
209671,0
209737,0
209803,0
209868,0
209934,0
210000,0
210065,0
210131,0
210196,0
210262,0
210328,0
210393,0
210459,0
210525,0
210590,0
210656,0
210722,0
210787,0
210853,0
210919,0
210984,0
211050,0
211115,0
211181,0
211247,0
211312,0
211378,0
211444,0
211509,0
211575,0
211641,0
211706,0
211772,0
211838,0
211903,0
211969,0
212035,0
212100,0
212166,0
212231,0
212297,0
212363,0
212428,0
212494,0
212560,0
212625,0
212691,0
212757,0
212822,0
212888,0
212954,0
213019,0
213085,0
213150,0
213216,0
213282,0
213347,0
213413,0
213479,0
213544,0
213610,0
213676,0
213741,0
213807,0
213873,0
213938,0
214004,0
214070,0
214135,0
214201,0
214266,0
214332,0
214398,0
214463,0
214529,0
214595,0
214660,0
214726,0
214792,0
214857,0
214923,0
214989,0
215054,0
215120,0
215185,0
215251,0
215317,0
215382,0
215448,0
215514,0
215579,0
215645,0
215711,0
215776,0
215842,0
215908,0
215973,0
216039,0
216105,0
216170,0
216236,0
216301,0
216367,0
216433,0
216498,0
216564,0
216630,0
216695,0
216761,0
216827,0
216892,0
216958,0
217024,0
217089,0
217155,0
217221,0
217286,0
217352,0
217417,0
217483,0
217549,0
217614,0
217680,0
217746,0
217811,0
217877,0
217943,0
218008,0
218074,0
218140,0
218205,0
218271,0
218336,0
218402,0
218468,0
218533,0
218599,0
218665,0
218730,0
218796,0
218862,0
218927,0
218993,0
219059,0
219124,0
219190,0
219256,0
219321,0
219387,0
219452,0
219518,0
219584,0
219649,0
219715,0
219781,0
219846,0
219912,0
219978,0
220043,0
220109,0
220175,0
220240,0
220306,0
220371,0
220437,0
220503,0
220568,0
220634,0
220700,0
220765,0
220831,0
220897,0
220962,0
221028,0
221094,0
221159,0
221225,0
221291,0
221356,0
221422,0
221487,0
221553,0
221619,0
221684,0
221750,0
221816,0
221881,0
221947,0
222013,0
222078,0
222144,0
222210,0
222275,0
222341,0
222407,0
222472,0
222538,0
222603,0
222669,0
222735,0
222800,0
222866,0
222932,0
222997,0
223063,0
223129,0
223194,0
223260,0
223326,0
223391,0
223457,0
223522,0
223588,0
223654,0
223719,0
223785,0
223851,0
223916,0
223982,0
224048,0
224113,0
224179,0
224245,0
224310,0
224376,0
224442,0
224507,0
224573,0
224638,0
224704,0
224770,0
224835,0
224901,0
224967,0
225032,0
225098,0
225164,0
225229,0
225295,0
225361,0
225426,0
225492,0
225557,0
225623,0
225689,0
225754,0
225820,0
225886,0
225951,0
226017,0
226083,0
226148,0
226214,0
226280,0
226345,0
226411,0
226477,0
226542,0
226608,0
226673,0
226739,0
226805,0
226870,0
226936,0
227002,0
227067,0
227133,0
227199,0
227264,0
227330,0
227396,0
227461,0
227527,0
227592,0
227658,0
227724,0
227789,0
227855,0
227921,0
227986,0
228052,0
228118,0
228183,0
228249,0
228315,0
228380,0
228446,0
228512,0
228577,0
228643,0
228708,0
228774,0
228840,0
228905,0
228971,0
229037,0
229102,0
229168,0
229234,0
229299,0
229365,0
229431,0
229496,0
229562,0
229628,0
229693,0
229759,0
229824,0
229890,0
229956,0
230021,0
230087,0
230153,0
230218,0
230284,0
230350,0
230415,0
230481,0
230547,0
230612,0
230678,0
230743,0
230809,0
230875,0
230940,0
231006,0
231072,0
231137,0
231203,0
231269,0
231334,0
231400,0
231466,0
231531,0
231597,0
231663,0
231728,0
231794,0
231859,0
231925,0
231991,0
232056,0
232122,0
232188,0
232253,0
232319,0
232385,0
232450,0
232516,0
232582,0
232647,0
232713,0
232778,0
232844,0
232910,0
232975,0
233041,0
233107,0
233172,0
233238,0
233304,0
233369,0
233435,0
233501,0
233566,0
233632,0
233698,0
233763,0
233829,0
233894,0
233960,0
234026,0
234091,0
234157,0
234223,0
234288,0
234354,0
234420,0
234485,0
234551,0
234617,0
234682,0
234748,0
234814,0
234879,0
234945,0
235010,0
235076,0
235142,0
235207,0
235273,0
235339,0
235404,0
235470,0
235536,0
235601,0
235667,0
235733,0
235798,0
235864,0
235929,0
235995,0
236061,0
236126,0
236192,0
236258,0
236323,0
236389,0
236455,0
236520,0
236586,0
236652,0
236717,0
236783,0
236849,0
236914,0
236980,0
237045,0
237111,0
237177,0
237242,0
237308,0
237374,0
237439,0
237505,0
237571,0
237636,0
237702,0
237768,0
237833,0
237899,0
237964,0
238030,0
238096,0
238161,0
238227,0
238293,0
238358,0
238424,0
238490,0
238555,0
238621,0
238687,0
238752,0
238818,0
238884,0
238949,0
239015,0
239080,0
239146,0
239212,0
239277,0
239343,0
239409,0
239474,0
239540,0
239606,0
239671,0
239737,0
239803,0
239868,0
239934,0
240000,0
240065,0
240131,0
240196,0
240262,0
240328,0
240393,0
240459,0
240525,0
240590,0
240656,0
240722,0
240787,0
240853,0
240919,0
240984,0
241050,0
241115,0
241181,0
241247,0
241312,0
241378,0
241444,0
241509,0
241575,0
241641,0
241706,0
241772,0
241838,0
241903,0
241969,0
242035,0
242100,0
242166,0
242231,0
242297,0
242363,0
242428,0
242494,0
242560,0
242625,0
242691,0
242757,0
242822,0
242888,0
242954,0
243019,0
243085,0
243150,0
243216,0
243282,0
243347,0
243413,0
243479,0
243544,0
243610,0
243676,0
243741,0
243807,0
243873,0
243938,0
244004,0
244070,0
244135,0
244201,0
244266,0
244332,0
244398,0
244463,0
244529,0
244595,0
244660,0
244726,0
244792,0
244857,0
244923,0
244989,0
245054,0
245120,0
245185,0
245251,0
245317,0
245382,0
245448,0
245514,0
245579,0
245645,0
245711,0
245776,0
245842,0
245908,0
245973,0
246039,0
246105,0
246170,0
246236,0
246301,0
246367,0
246433,0
246498,0
246564,0
246630,0
246695,0
246761,0
246827,0
246892,0
246958,0
247024,0
247089,0
247155,0
247221,0
247286,0
247352,0
247417,0
247483,0
247549,0
247614,0
247680,0
247746,0
247811,0
247877,0
247943,0
248008,0
248074,0
248140,0
248205,0
248271,0
248336,0
248402,0
248468,0
248533,0
248599,0
248665,0
248730,0
248796,0
248862,0
248927,0
248993,0
249059,0
249124,0
249190,0
249256,0
249321,0
249387,0
249452,0
249518,0
249584,0
249649,0
249715,0
249781,0
249846,0
249912,0
249978,0
250043,0
250109,0
250175,0
250240,0
250306,0
250371,0
250437,0
250503,0
250568,0
250634,0
250700,0
250765,0
250831,0
250897,0
250962,0
251028,0
251094,0
251159,0
251225,0
251291,0
251356,0
251422,0
251487,0
251553,0
251619,0
251684,0
251750,0
251816,0
251881,0
251947,0
252013,0
252078,0
252144,0
252210,0
252275,0
252341,0
252407,0
252472,0
252538,0
252603,0
252669,0
252735,0
252800,0
252866,0
252932,0
252997,0
253063,0
253129,0
253194,0
253260,0
253326,0
253391,0
253457,0
253522,0
253588,0
253654,0
253719,0
253785,0
253851,0
253916,0
253982,0
254048,0
254113,0
254179,0
254245,0
254310,0
254376,0
254442,0
254507,0
254573,0
254638,0
254704,0
254770,0
254835,0
254901,0
254967,0
255032,0
255098,0
255164,0
255229,0
255295,0
255361,0
255426,0
255492,0
255557,0
255623,0
255689,0
255754,0
255820,0
255886,0
255951,0
256017,0
256083,0
256148,0
256214,0
256280,0
256345,0
256411,0
256477,0
256542,0
256608,0
256673,0
256739,0
256805,0
256870,0
256936,0
257002,0
257067,0
257133,0
257199,0
257264,0
257330,0
257396,0
257461,0
257527,0
257592,0
257658,0
257724,0
257789,0
257855,0
257921,0
257986,0
258052,0
258118,0
258183,0
258249,0
258315,0
258380,0
258446,0
258512,0
258577,0
258643,0
258708,0
258774,0
258840,0
258905,0
258971,0
259037,0
259102,0
259168,0
259234,0
259299,0
259365,0
259431,0
259496,0
259562,0
259628,0
259693,0
259759,0
259824,0
259890,0
259956,0
260021,0
260087,0
260153,0
260218,0
260284,0
260350,0
260415,0
260481,0
260547,0
260612,0
260678,0
260743,0
260809,0
260875,0
260940,0
261006,0
261072,0
261137,0
261203,0
261269,0
261334,0
261400,0
261466,0
261531,0
261597,0
261663,0
261728,0
261794,0
261859,0
261925,0
261991,0
262056,0
262122,0
262188,0
262253,0
262319,0
262385,0
262450,0
262516,0
262582,0
262647,0
262713,0
262778,0
262844,0
262910,0
262975,0
263041,0
263107,0
263172,0
263238,0
263304,0
263369,0
263435,0
263501,0
263566,0
263632,0
263698,0
263763,0
263829,0
263894,0
263960,0
264026,0
264091,0
264157,0
264223,0
264288,0
264354,0
264420,0
264485,0
264551,0
264617,0
264682,0
264748,0
264814,0
264879,0
264945,0
265010,0
265076,0
265142,0
265207,0
265273,0
265339,0
265404,0
265470,0
265536,0
265601,0
265667,0
265733,0
265798,0
265864,0
265929,0
265995,0
266061,0
266126,0
266192,0
266258,0
266323,0
266389,0
266455,0
266520,0
266586,0
266652,0
266717,0
266783,0
266849,0
266914,0
266980,0
267045,0
267111,0
267177,0
267242,0
267308,0
267374,0
267439,0
267505,0
267571,0
267636,0
267702,0
267768,0
267833,0
267899,0
267964,0
268030,0
268096,0
268161,0
268227,0
268293,0
268358,0
268424,0
268490,0
268555,0
268621,0
268687,0
268752,0
268818,0
268884,0
268949,0
269015,0
269080,0
269146,0
269212,0
269277,0
269343,0
269409,0
269474,0
269540,0
269606,0
269671,0
269737,0
269803,0
269868,0
269934,0
270000,0
270065,0
270131,0
270196,0
270262,0
270328,0
270393,0
270459,0
270525,0
270590,0
270656,0
270722,0
270787,0
270853,0
270919,0
270984,0
271050,0
271115,0
271181,0
271247,0
271312,0
271378,0
271444,0
271509,0
271575,0
271641,0
271706,0
271772,0
271838,0
271903,0
271969,0
272035,0
272100,0
272166,0
272231,0
272297,0
272363,0
272428,0
272494,0
272560,0
272625,0
272691,0
272757,0
272822,0
272888,0
272954,0
273019,0
273085,0
273150,0
273216,0
273282,0
273347,0
273413,0
273479,0
273544,0
273610,0
273676,0
273741,0
273807,0
273873,0
273938,0
274004,0
274070,0
274135,0
274201,0
274266,0
274332,0
274398,0
274463,0
274529,0
274595,0
274660,0
274726,0
274792,0
274857,0
274923,0
274989,0
275054,0
275120,0
275185,0
275251,0
275317,0
275382,0
275448,0
275514,0
275579,0
275645,0
275711,0
275776,0
275842,0
275908,0
275973,0
276039,0
276105,0
276170,0
276236,0
276301,0
276367,0
276433,0
276498,0
276564,0
276630,0
276695,0
276761,0
276827,0
276892,0
276958,0
277024,0
277089,0
277155,0
277221,0
277286,0
277352,0
277417,0
277483,0
277549,0
277614,0
277680,0
277746,0
277811,0
277877,0
277943,0
278008,0
278074,0
278140,0
278205,0
278271,0
278336,0
278402,0
278468,0
278533,0
278599,0
278665,0
278730,0
278796,0
278862,0
278927,0
278993,0
279059,0
279124,0
279190,0
279256,0
279321,0
279387,0
279452,0
279518,0
279584,0
279649,0
279715,0
279781,0
279846,0
279912,0
279978,0
280043,0
280109,0
280175,0
280240,0
280306,0
280371,0
280437,0
280503,0
280568,0
280634,0
280700,0
280765,0
280831,0
280897,0
280962,0
281028,0
281094,0
281159,0
281225,0
281291,0
281356,0
281422,0
281487,0
281553,0
281619,0
281684,0
281750,0
281816,0
281881,0
281947,0
282013,0
282078,0
282144,0
282210,0
282275,0
282341,0
282407,0
282472,0
282538,0
282603,0
282669,0
282735,0
282800,0
282866,0
282932,0
282997,0
283063,0
283129,0
283194,0
283260,0
283326,0
283391,0
283457,0
283522,0
283588,0
283654,0
283719,0
283785,0
283851,0
283916,0
283982,0
284048,0
284113,0
284179,0
284245,0
284310,0
284376,0
284442,0
284507,0
284573,0
284638,0
284704,0
284770,0
284835,0
284901,0
284967,0
285032,0
285098,0
285164,0
285229,0
285295,0
285361,0
285426,0
285492,0
285557,0
285623,0
285689,0
285754,0
285820,0
285886,0
285951,0
286017,0
286083,0
286148,0
286214,0
286280,0
286345,0
286411,0
286477,0
286542,0
286608,0
286673,0
286739,0
286805,0
286870,0
286936,0
287002,0
287067,0
287133,0
287199,0
287264,0
287330,0
287396,0
287461,0
287527,0
287592,0
287658,0
287724,0
287789,0
287855,0
287921,0
287986,0
288052,0
288118,0
288183,0
288249,0
288315,0
288380,0
288446,0
288512,0
288577,0
288643,0
288708,0
288774,0
288840,0
288905,0
288971,0
289037,0
289102,0
289168,0
289234,0
289299,0
289365,0
289431,0
289496,0
289562,0
289628,0
289693,0
289759,0
289824,0
289890,0
289956,0
290021,0
290087,0
290153,0
290218,0
290284,0
290350,0
290415,0
290481,0
290547,0
290612,0
290678,0
290743,0
290809,0
290875,0
290940,0
291006,0
291072,0
291137,0
291203,0
291269,0
291334,0
291400,0
291466,0
291531,0
291597,0
291663,0
291728,0
291794,0
291859,0
291925,0
291991,0
292056,0
292122,0
292188,0
292253,0
292319,0
292385,0
292450,0
292516,0
292582,0
292647,0
292713,0
292778,0
292844,0
292910,0
292975,0
293041,0
293107,0
293172,0
293238,0
293304,0
293369,0
293435,0
293501,0
293566,0
293632,0
293698,0
293763,0
293829,0
293894,0
293960,0
294026,0
294091,0
294157,0
294223,0
294288,0
294354,0
294420,0
294485,0
294551,0
294617,0
294682,0
294748,0
294814,0
294879,0
294945,0
295010,0
295076,0
295142,0
295207,0
295273,0
295339,0
295404,0
295470,0
295536,0
295601,0
295667,0
295733,0
295798,0
295864,0
295929,0
295995,0
296061,0
296126,0
296192,0
296258,0
296323,0
296389,0
296455,0
296520,0
296586,0
296652,0
296717,0
296783,0
296849,0
296914,0
296980,0
297045,0
297111,0
297177,0
297242,0
297308,0
297374,0
297439,0
297505,0
297571,0
297636,0
297702,0
297768,0
297833,0
297899,0
297964,0
298030,0
298096,0
298161,0
298227,0
298293,0
298358,0
298424,0
298490,0
298555,0
298621,0
298687,0
298752,0
298818,0
298884,0
298949,0
299015,0
299080,0
299146,0
299212,0
299277,0
299343,0
299409,0
299474,0
299540,0
299606,0
299671,0
299737,0
299803,0
299868,0
299934,0
300000,0
300065,0
300131,0
300196,0
300262,0
300328,0
300393,0
300459,0
300525,0
300590,0
300656,0
300722,0
300787,0
300853,0
300919,0
300984,0
301050,0
301115,0
301181,0
301247,0
301312,0
301378,0
301444,0
301509,0
301575,0
301641,0
301706,0
301772,0
301838,0
301903,0
301969,0
302035,0
302100,0
302166,0
302231,0
302297,0
302363,0
302428,0
302494,0
302560,0
302625,0
302691,0
302757,0
302822,0
302888,0
302954,0
303019,0
303085,0
303150,0
303216,0
303282,0
303347,0
303413,0
303479,0
303544,0
303610,0
303676,0
303741,0
303807,0
303873,0
303938,0
304004,0
304070,0
304135,0
304201,0
304266,0
304332,0
304398,0
304463,0
304529,0
304595,0
304660,0
304726,0
304792,0
304857,0
304923,0
304989,0
305054,0
305120,0
305185,0
305251,0
305317,0
305382,0
305448,0
305514,0
305579,0
305645,0
305711,0
305776,0
305842,0
305908,0
305973,0
306039,0
306105,0
306170,0
306236,0
306301,0
306367,0
306433,0
306498,0
306564,0
306630,0
306695,0
306761,0
306827,0
306892,0
306958,0
307024,0
307089,0
307155,0
307221,0
307286,0
307352,0
307417,0
307483,0
307549,0
307614,0
307680,0
307746,0
307811,0
307877,0
307943,0
308008,0
308074,0
308140,0
308205,0
308271,0
308336,0
308402,0
308468,0
308533,0
308599,0
308665,0
308730,0
308796,0
308862,0
308927,0
308993,0
309059,0
309124,0
309190,0
309256,0
309321,0
309387,0
309452,0
309518,0
309584,0
309649,0
309715,0
309781,0
309846,0
309912,0
309978,0
310043,0
310109,0
310175,0
310240,0
310306,0
310371,0
310437,0
310503,0
310568,0
310634,0
310700,0
310765,0
310831,0
310897,0
310962,0
311028,0
311094,0
311159,0
311225,0
311291,0
311356,0
311422,0
311487,0
311553,0
311619,0
311684,0
311750,0
311816,0
311881,0
311947,0
312013,0
312078,0
312144,0
312210,0
312275,0
312341,0
312407,0
312472,0
312538,0
312603,0
312669,0
312735,0
312800,0
312866,0
312932,0
312997,0
313063,0
313129,0
313194,0
313260,0
313326,0
313391,0
313457,0
313522,0
313588,0
313654,0
313719,0
313785,0
313851,0
313916,0
313982,0
314048,0
314113,0
314179,0
314245,0
314310,0
314376,0
314442,0
314507,0
314573,0
314638,0
314704,0
314770,0
314835,0
314901,0
314967,0
315032,0
315098,0
315164,0
315229,0
315295,0
315361,0
315426,0
315492,0
315557,0
315623,0
315689,0
315754,0
315820,0
315886,0
315951,0
316017,0
316083,0
316148,0
316214,0
316280,0
316345,0
316411,0
316477,0
316542,0
316608,0
316673,0
316739,0
316805,0
316870,0
316936,0
317002,0
317067,0
317133,0
317199,0
317264,0
317330,0
317396,0
317461,0
317527,0
317592,0
317658,0
317724,0
317789,0
317855,0
317921,0
317986,0
318052,0
318118,0
318183,0
318249,0
318315,0
318380,0
318446,0
318512,0
318577,0
318643,0
318708,0
318774,0
318840,0
318905,0
318971,0
319037,0
319102,0
319168,0
319234,0
319299,0
319365,0
319431,0
319496,0
319562,0
319628,0
319693,0
319759,0
319824,0
319890,0
319956,0
320021,0
320087,0
320153,0
320218,0
320284,0
320350,0
320415,0
320481,0
320547,0
320612,0
320678,0
320743,0
320809,0
320875,0
320940,0
321006,0
321072,0
321137,0
321203,0
321269,0
321334,0
321400,0
321466,0
321531,0
321597,0
321663,0
321728,0
321794,0
321859,0
321925,0
321991,0
322056,0
322122,0
322188,0
322253,0
322319,0
322385,0
322450,0
322516,0
322582,0
322647,0
322713,0
322778,0
322844,0
322910,0
322975,0
323041,0
323107,0
323172,0
323238,0
323304,0
323369,0
323435,0
323501,0
323566,0
323632,0
323698,0
323763,0
323829,0
323894,0
323960,0
324026,0
324091,0
324157,0
324223,0
324288,0
324354,0
324420,0
324485,0
324551,0
324617,0
324682,0
324748,0
324814,0
324879,0
324945,0
325010,0
325076,0
325142,0
325207,0
325273,0
325339,0
325404,0
325470,0
325536,0
325601,0
325667,0
325733,0
325798,0
325864,0
325929,0
325995,0
326061,0
326126,0
326192,0
326258,0
326323,0
326389,0
326455,0
326520,0
326586,0
326652,0
326717,0
326783,0
326849,0
326914,0
326980,0
327045,0
327111,0
327177,0
327242,0
327308,0
327374,0
327439,0
327505,0
327571,0
327636,0
327702,0
327768,0
327833,0
327899,0
327964,0
328030,0
328096,0
328161,0
328227,0
328293,0
328358,0
328424,0
328490,0
328555,0
328621,0
328687,0
328752,0
328818,0
328884,0
328949,0
329015,0
329080,0
329146,0
329212,0
329277,0
329343,0
329409,0
329474,0
329540,0
329606,0
329671,0
329737,0
329803,0
329868,0
329934,0
330000,0
330065,0
330131,0
330196,0
330262,0
330328,0
330393,0
330459,0
330525,0
330590,0
330656,0
330722,0
330787,0
330853,0
330919,0
330984,0
331050,0
331115,0
331181,0
331247,0
331312,0
331378,0
331444,0
331509,0
331575,0
331641,0
331706,0
331772,0
331838,0
331903,0
331969,0
332035,0
332100,0
332166,0
332231,0
332297,0
332363,0
332428,0
332494,0
332560,0
332625,0
332691,0
332757,0
332822,0
332888,0
332954,0
333019,0
333085,0
333150,0
333216,0
333282,0
333347,0
333413,0
333479,0
333544,0
333610,0
333676,0
333741,0
333807,0
333873,0
333938,0
334004,0
334070,0
334135,0
334201,0
334266,0
334332,0
334398,0
334463,0
334529,0
334595,0
334660,0
334726,0
334792,0
334857,0
334923,0
334989,0
335054,0
335120,0
335185,0
335251,0
335317,0
335382,0
335448,0
335514,0
335579,0
335645,0
335711,0
335776,0
335842,0
335908,0
335973,0
336039,0
336105,0
336170,0
336236,0
336301,0
336367,0
336433,0
336498,0
336564,0
336630,0
336695,0
336761,0
336827,0
336892,0
336958,0
337024,0
337089,0
337155,0
337221,0
337286,0
337352,0
337417,0
337483,0
337549,0
337614,0
337680,0
337746,0
337811,0
337877,0
337943,0
338008,0
338074,0
338140,0
338205,0
338271,0
338336,0
338402,0
338468,0
338533,0
338599,0
338665,0
338730,0
338796,0
338862,0
338927,0
338993,0
339059,0
339124,0
339190,0
339256,0
339321,0
339387,0
339452,0
339518,0
339584,0
339649,0
339715,0
339781,0
339846,0
339912,0
339978,0
340043,0
340109,0
340175,0
340240,0
340306,0
340371,0
340437,0
340503,0
340568,0
340634,0
340700,0
340765,0
340831,0
340897,0
340962,0
341028,0
341094,0
341159,0
341225,0
341291,0
341356,0
341422,0
341487,0
341553,0
341619,0
341684,0
341750,0
341816,0
341881,0
341947,0
342013,0
342078,0
342144,0
342210,0
342275,0
342341,0
342407,0
342472,0
342538,0
342603,0
342669,0
342735,0
342800,0
342866,0
342932,0
342997,0
343063,0
343129,0
343194,0
343260,0
343326,0
343391,0
343457,0
343522,0
343588,0
343654,0
343719,0
343785,0
343851,0
343916,0
343982,0
344048,0
344113,0
344179,0
344245,0
344310,0
344376,0
344442,0
344507,0
344573,0
344638,0
344704,0
344770,0
344835,0
344901,0
344967,0
345032,0
345098,0
345164,0
345229,0
345295,0
345361,0
345426,0
345492,0
345557,0
345623,0
345689,0
345754,0
345820,0
345886,0
345951,0
346017,0
346083,0
346148,0
346214,0
346280,0
346345,0
346411,0
346477,0
346542,0
346608,0
346673,0
346739,0
346805,0
346870,0
346936,0
347002,0
347067,0
347133,0
347199,0
347264,0
347330,0
347396,0
347461,0
347527,0
347592,0
347658,0
347724,0
347789,0
347855,0
347921,0
347986,0
348052,0
348118,0
348183,0
348249,0
348315,0
348380,0
348446,0
348512,0
348577,0
348643,0
348708,0
348774,0
348840,0
348905,0
348971,0
349037,0
349102,0
349168,0
349234,0
349299,0
349365,0
349431,0
349496,0
349562,0
349628,0
349693,0
349759,0
349824,0
349890,0
349956,0
350021,0
350087,0
350153,0
350218,0
350284,0
350350,0
350415,0
350481,0
350547,0
350612,0
350678,0
350743,0
350809,0
350875,0
350940,0
351006,0
351072,0
351137,0
351203,0
351269,0
351334,0
351400,0
351466,0
351531,0
351597,0
351663,0
351728,0
351794,0
351859,0
351925,0
351991,0
352056,0
352122,0
352188,0
352253,0
352319,0
352385,0
352450,0
352516,0
352582,0
352647,0
352713,0
352778,0
352844,0
352910,0
352975,0
353041,0
353107,0
353172,0
353238,0
353304,0
353369,0
353435,0
353501,0
353566,0
353632,0
353698,0
353763,0
353829,0
353894,0
353960,0
354026,0
354091,0
354157,0
354223,0
354288,0
354354,0
354420,0
354485,0
354551,0
354617,0
354682,0
354748,0
354814,0
354879,0
354945,0
355010,0
355076,0
355142,0
355207,0
355273,0
355339,0
355404,0
355470,0
355536,0
355601,0
355667,0
355733,0
355798,0
355864,0
355929,0
355995,0
356061,0
356126,0
356192,0
356258,0
356323,0
356389,0
356455,0
356520,0
356586,0
356652,0
356717,0
356783,0
356849,0
356914,0
356980,0
357045,0
357111,0
357177,0
357242,0
357308,0
357374,0
357439,0
357505,0
357571,0
357636,0
357702,0
357768,0
357833,0
357899,0
357964,0
358030,0
358096,0
358161,0
358227,0
358293,0
358358,0
358424,0
358490,0
358555,0
358621,0
358687,0
358752,0
358818,0
358884,0
358949,0
359015,0
359080,0
359146,0
359212,0
359277,0
359343,0
359409,0
359474,0
359540,0
359606,0
359671,0
359737,0
359803,0
359868,0
359934,0
360000,0
360065,0
360131,0
360196,0
360262,0
360328,0
360393,0
360459,0
360525,0
360590,0
360656,0
360722,0
360787,0
360853,0
360919,0
360984,0
361050,0
361115,0
361181,0
361247,0
361312,0
361378,0
361444,0
361509,0
361575,0
361641,0
361706,0
361772,0
361838,0
361903,0
361969,0
362035,0
362100,0
362166,0
362231,0
362297,0
362363,0
362428,0
362494,0
362560,0
362625,0
362691,0
362757,0
362822,0
362888,0
362954,0
363019,0
363085,0
363150,0
363216,0
363282,0
363347,0
363413,0
363479,0
363544,0
363610,0
363676,0
363741,0
363807,0
363873,0
363938,0
364004,0
364070,0
364135,0
364201,0
364266,0
364332,0
364398,0
364463,0
364529,0
364595,0
364660,0
364726,0
364792,0
364857,0
364923,0
364989,0
365054,0
365120,0
365185,0
365251,0
365317,0
365382,0
365448,0
365514,0
365579,0
365645,0
365711,0
365776,0
365842,0
365908,0
365973,0
366039,0
366105,0
366170,0
366236,0
366301,0
366367,0
366433,0
366498,0
366564,0
366630,0
366695,0
366761,0
366827,0
366892,0
366958,0
367024,0
367089,0
367155,0
367221,0
367286,0
367352,0
367417,0
367483,0
367549,0
367614,0
367680,0
367746,0
367811,0
367877,0
367943,0
368008,0
368074,0
368140,0
368205,0
368271,0
368336,0
368402,0
368468,0
368533,0
368599,0
368665,0
368730,0
368796,0
368862,0
368927,0
368993,0
369059,0
369124,0
369190,0
369256,0
369321,0
369387,0
369452,0
369518,0
369584,0
369649,0
369715,0
369781,0
369846,0
369912,0
369978,0
370043,0
370109,0
370175,0
370240,0
370306,0
370371,0
370437,0
370503,0
370568,0
370634,0
370700,0
370765,0
370831,0
370897,0
370962,0
371028,0
371094,0
371159,0
371225,0
371291,0
371356,0
371422,0
371487,0
371553,0
371619,0
371684,0
371750,0
371816,0
371881,0
371947,0
372013,0
372078,0
372144,0
372210,0
372275,0
372341,0
372407,0
372472,0
372538,0
372603,0
372669,0
372735,0
372800,0
372866,0
372932,0
372997,0
373063,0
373129,0
373194,0
373260,0
373326,0
373391,0
373457,0
373522,0
373588,0
373654,0
373719,0
373785,0
373851,0
373916,0
373982,0
374048,0
374113,0
374179,0
374245,0
374310,0
374376,0
374442,0
374507,0
374573,0
374638,0
374704,0
374770,0
374835,0
374901,0
374967,0
375032,0
375098,0
375164,0
375229,0
375295,0
375361,0
375426,0
375492,0
375557,0
375623,0
375689,0
375754,0
375820,0
375886,0
375951,0
376017,0
376083,0
376148,0
376214,0
376280,0
376345,0
376411,0
376477,0
376542,0
376608,0
376673,0
376739,0
376805,0
376870,0
376936,0
377002,0
377067,0
377133,0
377199,0
377264,0
377330,0
377396,0
377461,0
377527,0
377592,0
377658,0
377724,0
377789,0
377855,0
377921,0
377986,0
378052,0
378118,0
378183,0
378249,0
378315,0
378380,0
378446,0
378512,0
378577,0
378643,0
378708,0
378774,0
378840,0
378905,0
378971,0
379037,0
379102,0
379168,0
379234,0
379299,0
379365,0
379431,0
379496,0
379562,0
379628,0
379693,0
379759,0
379824,0
379890,0
379956,0
380021,0
380087,0
380153,0
380218,0
380284,0
380350,0
380415,0
380481,0
380547,0
380612,0
380678,0
380743,0
380809,0
380875,0
380940,0
381006,0
381072,0
381137,0
381203,0
381269,0
381334,0
381400,0
381466,0
381531,0
381597,0
381663,0
381728,0
381794,0
381859,0
381925,0
381991,0
382056,0
382122,0
382188,0
382253,0
382319,0
382385,0
382450,0
382516,0
382582,0
382647,0
382713,0
382778,0
382844,0
382910,0
382975,0
383041,0
383107,0
383172,0
383238,0
383304,0
383369,0
383435,0
383501,0
383566,0
383632,0
383698,0
383763,0
383829,0
383894,0
383960,0
384026,0
384091,0
384157,0
384223,0
384288,0
384354,0
384420,0
384485,0
384551,0
384617,0
384682,0
384748,0
384814,0
384879,0
384945,0
385010,0
385076,0
385142,0
385207,0
385273,0
385339,0
385404,0
385470,0
385536,0
385601,0
385667,0
385733,0
385798,0
385864,0
385929,0
385995,0
386061,0
386126,0
386192,0
386258,0
386323,0
386389,0
386455,0
386520,0
386586,0
386652,0
386717,0
386783,0
386849,0
386914,0
386980,0
387045,0
387111,1
387177,1
387242,1
387308,1
387374,1
387439,1
387505,1
387571,1
387636,1
387702,1
387768,1
387833,1
387899,1
387964,1
388030,1
388096,1
388161,1
388227,2
388293,2
388358,2
388424,2
388490,2
388555,2
388621,2
388687,2
388752,2
388818,2
388884,3
388949,3
389015,3
389080,3
389146,3
389212,3
389277,3
389343,4
389409,4
389474,4
389540,4
389606,4
389671,4
389737,5
389803,5
389868,5
389934,5
390000,6
390065,6
390131,6
390196,6
390262,7
390328,7
390393,7
390459,7
390525,8
390590,8
390656,8
390722,9
390787,9
390853,10
390919,10
390984,10
391050,11
391115,11
391181,12
391247,12
391312,13
391378,13
391444,14
391509,14
391575,15
391641,16
391706,16
391772,17
391838,17
391903,18
391969,19
392035,20
392100,20
392166,21
392231,22
392297,23
392363,24
392428,25
392494,26
392560,27
392625,28
392691,29
392757,30
392822,31
392888,32
392954,34
393019,35
393085,36
393150,38
393216,39
393282,41
393347,42
393413,44
393479,46
393544,47
393610,49
393676,51
393741,53
393807,55
393873,57
393938,59
394004,61
394070,64
394135,66
394201,69
394266,71
394332,74
394398,77
394463,80
394529,83
394595,86
394660,89
394726,92
394792,96
394857,99
394923,103
394989,107
395054,110
395120,115
395185,119
395251,123
395317,128
395382,132
395448,137
395514,142
395579,147
395645,153
395711,158
395776,164
395842,170
395908,176
395973,183
396039,189
396105,196
396170,203
396236,210
396301,218
396367,226
396433,234
396498,242
396564,251
396630,260
396695,269
396761,279
396827,289
396892,299
396958,310
397024,321
397089,332
397155,344
397221,356
397286,369
397352,382
397417,395
397483,409
397549,423
397614,438
397680,453
397746,469
397811,486
397877,502
397943,520
398008,538
398074,557
398140,576
398205,596
398271,617
398336,638
398402,660
398468,683
398533,706
398599,730
398665,755
398730,781
398796,808
398862,836
398927,864
398993,894
399059,924
399124,956
399190,988
399256,1022
399321,1056
399387,1092
399452,1129
399518,1167
399584,1206
399649,1247
399715,1289
399781,1332
399846,1376
399912,1423
399978,1470
400043,1519
400109,1570
400175,1622
400240,1676
400306,1731
400371,1789
400437,1848
400503,1909
400568,1972
400634,2037
400700,2104
400765,2174
400831,2245
400897,2318
400962,2394
401028,2473
401094,2553
401159,2637
401225,2723
401291,2811
401356,2902
401422,2997
401487,3094
401553,3194
401619,3297
401684,3403
401750,3513
401816,3626
401881,3742
401947,3862
402013,3986
402078,4113
402144,4245
402210,4380
402275,4520
402341,4663
402407,4811
402472,4964
402538,5121
402603,5283
402669,5450
402735,5622
402800,5799
402866,5981
402932,6169
402997,6363
403063,6562
403129,6767
403194,6979
403260,7196
403326,7420
403391,7651
403457,7889
403522,8133
403588,8385
403654,8644
403719,8911
403785,9186
403851,9468
403916,9759
403982,10059
404048,10367
404113,10685
404179,11011
404245,11347
404310,11693
404376,12049
404442,12415
404507,12791
404573,13179
404638,13577
404704,13988
404770,14409
404835,14843
404901,15290
404967,15749
405032,16221
405098,16707
405164,17206
405229,17720
405295,18248
405361,18791
405426,19349
405492,19923
405557,20514
405623,21120
405689,21744
405754,22386
405820,23045
405886,23722
405951,24419
406017,25135
406083,25871
406148,26627
406214,27404
406280,28202
406345,29023
406411,29866
406477,30732
406542,31622
406608,32537
406673,33476
406739,34441
406805,35432
406870,36451
406936,37497
407002,38571
407067,39674
407133,40808
407199,41971
407264,43166
407330,44394
407396,45654
407461,46947
407527,48276
407592,49640
407658,51040
407724,52477
407789,53953
407855,55468
407921,57023
407986,58618
408052,60256
408118,61937
408183,63662
408249,65433
408315,67249
408380,69114
408446,71026
408512,72989
408577,75003
408643,77068
408708,79188
408774,81362
408840,83592
408905,85879
408971,88226
409037,90632
409102,93101
409168,95632
409234,98228
409299,100890
409365,103619
409431,106418
409496,109288
409562,112231
409628,115247
409693,118340
409759,121510
409824,124760
409890,128091
409956,131506
410021,135006
410087,138593
410153,142269
410218,146036
410284,149897
410350,153853
410415,157907
410481,162061
410547,166316
410612,170676
410678,175143
410743,179719
410809,184407
410875,189208
410940,194127
411006,199164
411072,204324
411137,209608
411203,215019
411269,220561
411334,226236
411400,232047
411466,237997
411531,244088
411597,250325
411663,256711
411728,263248
411794,269939
411859,276789
411925,283800
411991,290977
412056,298322
412122,305839
412188,313533
412253,321405
412319,329462
412385,337706
412450,346141
412516,354771
412582,363601
412647,372635
412713,381877
412778,391331
412844,401002
412910,410894
412975,421012
413041,431361
413107,441945
413172,452769
413238,463838
413304,475158
413369,486732
413435,498567
413501,510668
413566,523040
413632,535689
413698,548620
413763,561839
413829,575352
413894,589164
413960,603282
414026,617711
414091,632458
414157,647530
414223,662932
414288,678671
414354,694754
414420,711187
414485,727978
414551,745133
414617,762660
414682,780565
414748,798856
414814,817540
414879,836625
414945,856119
415010,876030
415076,896365
415142,917132
415207,938340
415273,959997
415339,982112
415404,1004693
415470,1027748
415536,1051288
415601,1075320
415667,1099854
415733,1124900
415798,1150466
415864,1176563
415929,1203200
415995,1230386
416061,1258133
416126,1286450
416192,1315348
416258,1344837
416323,1374928
416389,1405632
416455,1436959
416520,1468921
416586,1501529
416652,1534796
416717,1568731
416783,1603348
416849,1638658
416914,1674673
416980,1711407
417045,1748870
417111,1787077
417177,1826040
417242,1865772
417308,1906286
417374,1947596
417439,1989715
417505,2032658
417571,2076438
417636,2121070
417702,2166567
417768,2212945
417833,2260219
417899,2308403
417964,2357512
418030,2407563
418096,2458570
418161,2510549
418227,2563518
418293,2617490
418358,2672484
418424,2728516
418490,2785603
418555,2843761
418621,2903009
418687,2963363
418752,3024842
418818,3087463
418884,3151245
418949,3216205
419015,3282364
419080,3349739
419146,3418349
419212,3488215
419277,3559355
419343,3631789
419409,3705538
419474,3780621
419540,3857060
419606,3934875
419671,4014086
419737,4094716
419803,4176785
419868,4260315
419934,4345329
420000,4431848
420065,4519895
420131,4609492
420196,4700664
420262,4793431
420328,4887819
420393,4983851
420459,5081551
420525,5180942
420590,5282050
420656,5384899
420722,5489514
420787,5595920
420853,5704143
420919,5814209
420984,5926142
421050,6039971
421115,6155720
421181,6273418
421247,6393090
421312,6514765
421378,6638469
421444,6764230
421509,6892077
421575,7022038
421641,7154141
421706,7288415
421772,7424890
421838,7563594
421903,7704557
421969,7847808
422035,7993379
422100,8141300
422166,8291600
422231,8444311
422297,8599464
422363,8757091
422428,8917222
422494,9079891
422560,9245128
422625,9412967
422691,9583440
422757,9756579
422822,9932419
422888,10110992
422954,10292332
423019,10476473
423085,10663448
423150,10853293
423216,11046042
423282,11241730
423347,11440391
423413,11642062
423479,11846776
423544,12054571
423610,12265483
423676,12479546
423741,12696799
423807,12917276
423873,13141016
423938,13368056
424004,13598432
424070,13832182
424135,14069343
424201,14309955
424266,14554054
424332,14801679
424398,15052868
424463,15307661
424529,15566095
424595,15828211
424660,16094046
424726,16363642
424792,16637036
424857,16914269
424923,17195381
424989,17480411
425054,17769400
425120,18062389
425185,18359417
425251,18660526
425317,18965756
425382,19275148
425448,19588742
425514,19906581
425579,20228705
425645,20555157
425711,20885976
425776,21221205
425842,21560885
425908,21905059
425973,22253767
426039,22607053
426105,22964957
426170,23327522
426236,23694790
426301,24066804
426367,24443604
426433,24825234
426498,25211736
426564,25603152
426630,25999525
426695,26400896
426761,26807308
426827,27218803
426892,27635424
426958,28057212
427024,28484211
427089,28916462
427155,29354008
427221,29796890
427286,30245151
427352,30698832
427417,31157976
427483,31622624
427549,32092819
427614,32568601
427680,33050013
427746,33537095
427811,34029889
427877,34528436
427943,35032778
428008,35542954
428074,36059007
428140,36580975
428205,37108900
428271,37642822
428336,38182780
428402,38728814
428468,39280964
428533,39839270
428599,40403769
428665,40974502
428730,41551505
428796,42134818
428862,42724479
428927,43320525
428993,43922994
429059,44531922
429124,45147347
429190,45769304
429256,46397830
429321,47032960
429387,47674730
429452,48323174
429518,48978328
429584,49640225
429649,50308899
429715,50984382
429781,51666709
429846,52355911
429912,53052021
429978,53755069
430043,54465087
430109,55182105
430175,55906154
430240,56637261
430306,57375458
430371,58120771
430437,58873228
430503,59632858
430568,60399686
430634,61173738
430700,61955041
430765,62743618
430831,63539494
430897,64342693
430962,65153237
431028,65971149
431094,66796450
431159,67629161
431225,68469303
431291,69316894
431356,70171954
431422,71034500
431487,71904549
431553,72782119
431619,73667225
431684,74559881
431750,75460103
431816,76367902
431881,77283292
431947,78206283
432013,79136888
432078,80075116
432144,81020975
432210,81974475
432275,82935622
432341,83904422
432407,84880882
432472,85865004
432538,86856794
432603,87856254
432669,88863385
432735,89878188
432800,90900662
432866,91930806
432932,92968619
432997,94014096
433063,95067233
433129,96128024
433194,97196463
433260,98272543
433326,99356255
433391,100447589
433457,101546534
433522,102653078
433588,103767209
433654,104888911
433719,106018170
433785,107154969
433851,108299290
433916,109451115
433982,110610424
434048,111777195
434113,112951406
434179,114133034
434245,115322054
434310,116518439
434376,117722163
434442,118933197
434507,120151511
434573,121377075
434638,122609855
434704,123849820
434770,125096933
434835,126351159
434901,127612461
434967,128880799
435032,130156135
435098,131438427
435164,132727631
435229,134023705
435295,135326604
435361,136636280
435426,137952686
435492,139275773
435557,140605490
435623,141941786
435689,143284606
435754,144633898
435820,145989604
435886,147351668
435951,148720031
436017,150094632
436083,151475411
436148,152862305
436214,154255250
436280,155654180
436345,157059028
436411,158469727
436477,159886206
436542,161308396
436608,162736222
436673,164169612
436739,165608491
436805,167052782
436870,168502407
436936,169957288
437002,171417343
437067,172882490
437133,174352647
437199,175827729
437264,177307650
437330,178792322
437396,180281656
437461,181775564
437527,183273952
437592,184776729
437658,186283801
437724,187795071
437789,189310444
437855,190829821
437921,192353103
437986,193880190
438052,195410978
438118,196945367
438183,198483249
438249,200024521
438315,201569075
438380,203116802
438446,204667593
438512,206221337
438577,207777923
438643,209337237
438708,210899165
438774,212463590
438840,214030397
438905,215599467
438971,217170681
439037,218743920
439102,220319060
439168,221895980
439234,223474557
439299,225054665
439365,226636179
439431,228218972
439496,229802915
439562,231387880
439628,232973737
439693,234560355
439759,236147601
439824,237735343
439890,239323447
439956,240911778
440021,242500200
440087,244088576
440153,245676768
440218,247264639
440284,248852048
440350,250438856
440415,252024921
440481,253610102
440547,255194256
440612,256777239
440678,258358909
440743,259939118
440809,261517723
440875,263094577
440940,264669534
441006,266242444
441072,267813161
441137,269381536
441203,270947420
441269,272510662
441334,274071112
441400,275628620
441466,277183034
441531,278734202
441597,280281972
441663,281826192
441728,283366708
441794,284903368
441859,286436016
441925,287964500
441991,289488665
442056,291008356
442122,292523419
442188,294033699
442253,295539040
442319,297039287
442385,298534285
442450,300023878
442516,301507910
442582,302986226
442647,304458669
442713,305925085
442778,307385317
442844,308839210
442910,310286608
442975,311727356
443041,313161298
443107,314588279
443172,316008144
443238,317420739
443304,318825909
443369,320223499
443435,321613356
443501,322995327
443566,324369257
443632,325734994
443698,327092385
443763,328441279
443829,329781525
443894,331112970
443960,332435464
444026,333748858
444091,335053003
444157,336347748
444223,337632947
444288,338908452
444354,340174115
444420,341429792
444485,342675336
444551,343910604
444617,345135451
444682,346349734
444748,347553313
444814,348746045
444879,349927790
444945,351098409
445010,352257764
445076,353405718
445142,354542133
445207,355666876
445273,356779812
445339,357880808
445404,358969732
445470,360046453
445536,361110842
445601,362162771
445667,363202111
445733,364228739
445798,365242528
445864,366243356
445929,367231101
445995,368205643
446061,369166861
446126,370114640
446192,371048861
446258,371969411
446323,372876175
446389,373769043
446455,374647904
446520,375512648
446586,376363170
446652,377199363
446717,378021123
446783,378828348
446849,379620938
446914,380398792
446980,381161815
447045,381909910
447111,382642983
447177,383360943
447242,384063699
447308,384751163
447374,385423248
447439,386079869
447505,386720943
447571,387346390
447636,387956129
447702,388550084
447768,389128178
447833,389690340
447899,390236497
447964,390766579
448030,391280519
448096,391778252
448161,392259714
448227,392724844
448293,393173581
448358,393605869
448424,394021653
448490,394420878
448555,394803494
448621,395169452
448687,395518704
448752,395851206
448818,396166915
448884,396465790
448949,396747793
449015,397012888
449080,397261041
449146,397492218
449212,397706392
449277,397903533
449343,398083618
449409,398246621
449474,398392523
449540,398521304
449606,398632948
449671,398727441
449737,398804770
449803,398864925
449868,398907898
449934,398933684
450000,398942280
450065,398933684
450131,398907898
450196,398864925
450262,398804770
450328,398727441
450393,398632948
450459,398521304
450525,398392523
450590,398246621
450656,398083618
450722,397903533
450787,397706392
450853,397492218
450919,397261041
450984,397012888
451050,396747793
451115,396465790
451181,396166915
451247,395851206
451312,395518704
451378,395169452
451444,394803494
451509,394420878
451575,394021653
451641,393605869
451706,393173581
451772,392724844
451838,392259714
451903,391778252
451969,391280519
452035,390766579
452100,390236497
452166,389690340
452231,389128178
452297,388550084
452363,387956129
452428,387346390
452494,386720943
452560,386079869
452625,385423248
452691,384751163
452757,384063699
452822,383360943
452888,382642983
452954,381909910
453019,381161815
453085,380398792
453150,379620938
453216,378828348
453282,378021123
453347,377199363
453413,376363170
453479,375512648
453544,374647904
453610,373769043
453676,372876175
453741,371969411
453807,371048861
453873,370114640
453938,369166861
454004,368205643
454070,367231101
454135,366243356
454201,365242528
454266,364228739
454332,363202111
454398,362162771
454463,361110842
454529,360046453
454595,358969732
454660,357880808
454726,356779812
454792,355666876
454857,354542133
454923,353405718
454989,352257764
455054,351098409
455120,349927790
455185,348746045
455251,347553313
455317,346349734
455382,345135451
455448,343910604
455514,342675336
455579,341429792
455645,340174115
455711,338908452
455776,337632947
455842,336347748
455908,335053003
455973,333748858
456039,332435464
456105,331112970
456170,329781525
456236,328441279
456301,327092385
456367,325734994
456433,324369257
456498,322995327
456564,321613356
456630,320223499
456695,318825909
456761,317420739
456827,316008144
456892,314588279
456958,313161298
457024,311727356
457089,310286608
457155,308839210
457221,307385317
457286,305925085
457352,304458669
457417,302986226
457483,301507910
457549,300023878
457614,298534285
457680,297039287
457746,295539040
457811,294033699
457877,292523419
457943,291008356
458008,289488665
458074,287964500
458140,286436016
458205,284903368
458271,283366708
458336,281826192
458402,280281972
458468,278734202
458533,277183034
458599,275628620
458665,274071112
458730,272510662
458796,270947420
458862,269381536
458927,267813161
458993,266242444
459059,264669534
459124,263094577
459190,261517723
459256,259939118
459321,258358909
459387,256777239
459452,255194256
459518,253610102
459584,252024921
459649,250438856
459715,248852048
459781,247264639
459846,245676768
459912,244088576
459978,242500200
460043,240911778
460109,239323447
460175,237735343
460240,236147601
460306,234560355
460371,232973737
460437,231387880
460503,229802915
460568,228218972
460634,226636179
460700,225054665
460765,223474557
460831,221895980
460897,220319060
460962,218743920
461028,217170681
461094,215599467
461159,214030397
461225,212463590
461291,210899165
461356,209337237
461422,207777923
461487,206221337
461553,204667593
461619,203116802
461684,201569075
461750,200024521
461816,198483249
461881,196945367
461947,195410978
462013,193880190
462078,192353103
462144,190829821
462210,189310444
462275,187795071
462341,186283801
462407,184776729
462472,183273952
462538,181775564
462603,180281656
462669,178792322
462735,177307650
462800,175827729
462866,174352647
462932,172882490
462997,171417343
463063,169957288
463129,168502407
463194,167052782
463260,165608491
463326,164169612
463391,162736222
463457,161308396
463522,159886206
463588,158469727
463654,157059028
463719,155654180
463785,154255250
463851,152862305
463916,151475411
463982,150094632
464048,148720031
464113,147351668
464179,145989604
464245,144633898
464310,143284606
464376,141941786
464442,140605490
464507,139275773
464573,137952686
464638,136636280
464704,135326604
464770,134023705
464835,132727631
464901,131438427
464967,130156135
465032,128880799
465098,127612461
465164,126351159
465229,125096933
465295,123849820
465361,122609855
465426,121377075
465492,120151511
465557,118933197
465623,117722163
465689,116518439
465754,115322054
465820,114133034
465886,112951406
465951,111777195
466017,110610424
466083,109451115
466148,108299290
466214,107154969
466280,106018170
466345,104888911
466411,103767209
466477,102653078
466542,101546534
466608,100447589
466673,99356255
466739,98272543
466805,97196463
466870,96128024
466936,95067233
467002,94014096
467067,92968619
467133,91930806
467199,90900662
467264,89878188
467330,88863385
467396,87856254
467461,86856794
467527,85865004
467592,84880882
467658,83904422
467724,82935622
467789,81974475
467855,81020975
467921,80075116
467986,79136888
468052,78206283
468118,77283292
468183,76367902
468249,75460103
468315,74559881
468380,73667225
468446,72782119
468512,71904549
468577,71034500
468643,70171954
468708,69316894
468774,68469303
468840,67629161
468905,66796450
468971,65971149
469037,65153237
469102,64342693
469168,63539494
469234,62743618
469299,61955041
469365,61173738
469431,60399686
469496,59632858
469562,58873228
469628,58120771
469693,57375458
469759,56637261
469824,55906154
469890,55182105
469956,54465087
470021,53755069
470087,53052021
470153,52355911
470218,51666709
470284,50984382
470350,50308899
470415,49640225
470481,48978328
470547,48323174
470612,47674730
470678,47032960
470743,46397830
470809,45769304
470875,45147347
470940,44531922
471006,43922994
471072,43320525
471137,42724479
471203,42134818
471269,41551505
471334,40974502
471400,40403769
471466,39839270
471531,39280964
471597,38728814
471663,38182780
471728,37642822
471794,37108900
471859,36580975
471925,36059007
471991,35542954
472056,35032778
472122,34528436
472188,34029889
472253,33537095
472319,33050013
472385,32568601
472450,32092819
472516,31622624
472582,31157976
472647,30698832
472713,30245151
472778,29796890
472844,29354008
472910,28916462
472975,28484211
473041,28057212
473107,27635424
473172,27218803
473238,26807308
473304,26400896
473369,25999525
473435,25603152
473501,25211736
473566,24825234
473632,24443604
473698,24066804
473763,23694790
473829,23327522
473894,22964957
473960,22607053
474026,22253767
474091,21905059
474157,21560885
474223,21221205
474288,20885976
474354,20555157
474420,20228705
474485,19906581
474551,19588742
474617,19275148
474682,18965756
474748,18660526
474814,18359417
474879,18062389
474945,17769400
475010,17480411
475076,17195381
475142,16914269
475207,16637036
475273,16363642
475339,16094046
475404,15828211
475470,15566095
475536,15307661
475601,15052868
475667,14801679
475733,14554054
475798,14309955
475864,14069343
475929,13832182
475995,13598432
476061,13368056
476126,13141016
476192,12917276
476258,12696799
476323,12479546
476389,12265483
476455,12054571
476520,11846776
476586,11642062
476652,11440391
476717,11241730
476783,11046042
476849,10853293
476914,10663448
476980,10476473
477045,10292332
477111,10110992
477177,9932419
477242,9756579
477308,9583440
477374,9412967
477439,9245128
477505,9079891
477571,8917222
477636,8757091
477702,8599464
477768,8444311
477833,8291600
477899,8141300
477964,7993379
478030,7847808
478096,7704557
478161,7563594
478227,7424890
478293,7288415
478358,7154141
478424,7022038
478490,6892077
478555,6764230
478621,6638469
478687,6514765
478752,6393090
478818,6273418
478884,6155720
478949,6039971
479015,5926142
479080,5814209
479146,5704143
479212,5595920
479277,5489514
479343,5384899
479409,5282050
479474,5180942
479540,5081551
479606,4983851
479671,4887819
479737,4793431
479803,4700664
479868,4609492
479934,4519895
480000,4431848
480065,4345329
480131,4260315
480196,4176785
480262,4094716
480328,4014086
480393,3934875
480459,3857060
480525,3780621
480590,3705538
480656,3631789
480722,3559355
480787,3488215
480853,3418349
480919,3349739
480984,3282364
481050,3216205
481115,3151245
481181,3087463
481247,3024842
481312,2963363
481378,2903009
481444,2843761
481509,2785603
481575,2728516
481641,2672484
481706,2617490
481772,2563518
481838,2510549
481903,2458570
481969,2407563
482035,2357512
482100,2308403
482166,2260219
482231,2212945
482297,2166567
482363,2121070
482428,2076438
482494,2032658
482560,1989715
482625,1947596
482691,1906286
482757,1865772
482822,1826040
482888,1787077
482954,1748870
483019,1711407
483085,1674673
483150,1638658
483216,1603348
483282,1568731
483347,1534796
483413,1501529
483479,1468921
483544,1436959
483610,1405632
483676,1374928
483741,1344837
483807,1315348
483873,1286450
483938,1258133
484004,1230386
484070,1203200
484135,1176563
484201,1150466
484266,1124900
484332,1099854
484398,1075320
484463,1051288
484529,1027748
484595,1004693
484660,982112
484726,959997
484792,938340
484857,917132
484923,896365
484989,876030
485054,856119
485120,836625
485185,817540
485251,798856
485317,780565
485382,762660
485448,745133
485514,727978
485579,711187
485645,694754
485711,678671
485776,662932
485842,647530
485908,632458
485973,617711
486039,603282
486105,589164
486170,575352
486236,561839
486301,548620
486367,535689
486433,523040
486498,510668
486564,498567
486630,486732
486695,475158
486761,463838
486827,452769
486892,441945
486958,431361
487024,421012
487089,410894
487155,401002
487221,391331
487286,381877
487352,372635
487417,363601
487483,354771
487549,346141
487614,337706
487680,329462
487746,321405
487811,313533
487877,305839
487943,298322
488008,290977
488074,283800
488140,276789
488205,269939
488271,263248
488336,256711
488402,250325
488468,244088
488533,237997
488599,232047
488665,226236
488730,220561
488796,215019
488862,209608
488927,204324
488993,199164
489059,194127
489124,189208
489190,184407
489256,179719
489321,175143
489387,170676
489452,166316
489518,162061
489584,157907
489649,153853
489715,149897
489781,146036
489846,142269
489912,138593
489978,135006
490043,131506
490109,128091
490175,124760
490240,121510
490306,118340
490371,115247
490437,112231
490503,109288
490568,106418
490634,103619
490700,100890
490765,98228
490831,95632
490897,93101
490962,90632
491028,88226
491094,85879
491159,83592
491225,81362
491291,79188
491356,77068
491422,75003
491487,72989
491553,71026
491619,69114
491684,67249
491750,65433
491816,63662
491881,61937
491947,60256
492013,58618
492078,57023
492144,55468
492210,53953
492275,52477
492341,51040
492407,49640
492472,48276
492538,46947
492603,45654
492669,44394
492735,43166
492800,41971
492866,40808
492932,39674
492997,38571
493063,37497
493129,36451
493194,35432
493260,34441
493326,33476
493391,32537
493457,31622
493522,30732
493588,29866
493654,29023
493719,28202
493785,27404
493851,26627
493916,25871
493982,25135
494048,24419
494113,23722
494179,23045
494245,22386
494310,21744
494376,21120
494442,20514
494507,19923
494573,19349
494638,18791
494704,18248
494770,17720
494835,17206
494901,16707
494967,16221
495032,15749
495098,15290
495164,14843
495229,14409
495295,13988
495361,13577
495426,13179
495492,12791
495557,12415
495623,12049
495689,11693
495754,11347
495820,11011
495886,10685
495951,10367
496017,10059
496083,9759
496148,9468
496214,9186
496280,8911
496345,8644
496411,8385
496477,8133
496542,7889
496608,7651
496673,7420
496739,7196
496805,6979
496870,6767
496936,6562
497002,6363
497067,6169
497133,5981
497199,5799
497264,5622
497330,5450
497396,5283
497461,5121
497527,4964
497592,4811
497658,4663
497724,4520
497789,4380
497855,4245
497921,4113
497986,3986
498052,3862
498118,3742
498183,3626
498249,3513
498315,3403
498380,3297
498446,3194
498512,3094
498577,2997
498643,2902
498708,2811
498774,2723
498840,2637
498905,2553
498971,2473
499037,2394
499102,2318
499168,2245
499234,2174
499299,2104
499365,2037
499431,1972
499496,1909
499562,1848
499628,1789
499693,1731
499759,1676
499824,1622
499890,1570
499956,1519
500021,1470
500087,1423
500153,1376
500218,1332
500284,1289
500350,1247
500415,1206
500481,1167
500547,1129
500612,1092
500678,1056
500743,1022
500809,988
500875,956
500940,924
501006,894
501072,864
501137,836
501203,808
501269,781
501334,755
501400,730
501466,706
501531,683
501597,660
501663,638
501728,617
501794,596
501859,576
501925,557
501991,538
502056,520
502122,502
502188,486
502253,469
502319,453
502385,438
502450,423
502516,409
502582,395
502647,382
502713,369
502778,356
502844,344
502910,332
502975,321
503041,310
503107,299
503172,289
503238,279
503304,269
503369,260
503435,251
503501,242
503566,234
503632,226
503698,218
503763,210
503829,203
503894,196
503960,189
504026,183
504091,176
504157,170
504223,164
504288,158
504354,153
504420,147
504485,142
504551,137
504617,132
504682,128
504748,123
504814,119
504879,115
504945,110
505010,107
505076,103
505142,99
505207,96
505273,92
505339,89
505404,86
505470,83
505536,80
505601,77
505667,74
505733,71
505798,69
505864,66
505929,64
505995,61
506061,59
506126,57
506192,55
506258,53
506323,51
506389,49
506455,47
506520,46
506586,44
506652,42
506717,41
506783,39
506849,38
506914,36
506980,35
507045,34
507111,32
507177,31
507242,30
507308,29
507374,28
507439,27
507505,26
507571,25
507636,24
507702,23
507768,22
507833,21
507899,20
507964,20
508030,19
508096,18
508161,17
508227,17
508293,16
508358,16
508424,15
508490,14
508555,14
508621,13
508687,13
508752,12
508818,12
508884,11
508949,11
509015,10
509080,10
509146,10
509212,9
509277,9
509343,8
509409,8
509474,8
509540,7
509606,7
509671,7
509737,7
509803,6
509868,6
509934,6
510000,6
510065,5
510131,5
510196,5
510262,5
510328,4
510393,4
510459,4
510525,4
510590,4
510656,4
510722,3
510787,3
510853,3
510919,3
510984,3
511050,3
511115,3
511181,2
511247,2
511312,2
511378,2
511444,2
511509,2
511575,2
511641,2
511706,2
511772,2
511838,1
511903,1
511969,1
512035,1
512100,1
512166,1
512231,1
512297,1
512363,1
512428,1
512494,1
512560,1
512625,1
512691,1
512757,1
512822,1
512888,1
512954,0
513019,0
513085,0
513150,0
513216,0
513282,0
513347,0
513413,0
513479,0
513544,0
513610,0
513676,0
513741,0
513807,0
513873,0
513938,0
514004,0
514070,0
514135,0
514201,0
514266,0
514332,0
514398,0
514463,0
514529,0
514595,0
514660,0
514726,0
514792,0
514857,0
514923,0
514989,0
515054,0
515120,0
515185,0
515251,0
515317,0
515382,0
515448,0
515514,0
515579,0
515645,0
515711,0
515776,0
515842,0
515908,0
515973,0
516039,0
516105,0
516170,0
516236,0
516301,0
516367,0
516433,0
516498,0
516564,0
516630,0
516695,0
516761,0
516827,0
516892,0
516958,0
517024,0
517089,0
517155,0
517221,0
517286,0
517352,0
517417,0
517483,0
517549,0
517614,0
517680,0
517746,0
517811,0
517877,0
517943,0
518008,0
518074,0
518140,0
518205,0
518271,0
518336,0
518402,0
518468,0
518533,0
518599,0
518665,0
518730,0
518796,0
518862,0
518927,0
518993,0
519059,0
519124,0
519190,0
519256,0
519321,0
519387,0
519452,0
519518,0
519584,0
519649,0
519715,0
519781,0
519846,0
519912,0
519978,0
520043,0
520109,0
520175,0
520240,0
520306,0
520371,0
520437,0
520503,0
520568,0
520634,0
520700,0
520765,0
520831,0
520897,0
520962,0
521028,0
521094,0
521159,0
521225,0
521291,0
521356,0
521422,0
521487,0
521553,0
521619,0
521684,0
521750,0
521816,0
521881,0
521947,0
522013,0
522078,0
522144,0
522210,0
522275,0
522341,0
522407,0
522472,0
522538,0
522603,0
522669,0
522735,0
522800,0
522866,0
522932,0
522997,0
523063,0
523129,0
523194,0
523260,0
523326,0
523391,0
523457,0
523522,0
523588,0
523654,0
523719,0
523785,0
523851,0
523916,0
523982,0
524048,0
524113,0
524179,0
524245,0
524310,0
524376,0
524442,0
524507,0
524573,0
524638,0
524704,0
524770,0
524835,0
524901,0
524967,0
525032,0
525098,0
525164,0
525229,0
525295,0
525361,0
525426,0
525492,0
525557,0
525623,0
525689,0
525754,0
525820,0
525886,0
525951,0
526017,0
526083,0
526148,0
526214,0
526280,0
526345,0
526411,0
526477,0
526542,0
526608,0
526673,0
526739,0
526805,0
526870,0
526936,0
527002,0
527067,0
527133,0
527199,0
527264,0
527330,0
527396,0
527461,0
527527,0
527592,0
527658,0
527724,0
527789,0
527855,0
527921,0
527986,0
528052,0
528118,0
528183,0
528249,0
528315,0
528380,0
528446,0
528512,0
528577,0
528643,0
528708,0
528774,0
528840,0
528905,0
528971,0
529037,0
529102,0
529168,0
529234,0
529299,0
529365,0
529431,0
529496,0
529562,0
529628,0
529693,0
529759,0
529824,0
529890,0
529956,0
530021,0
530087,0
530153,0
530218,0
530284,0
530350,0
530415,0
530481,0
530547,0
530612,0
530678,0
530743,0
530809,0
530875,0
530940,0
531006,0
531072,0
531137,0
531203,0
531269,0
531334,0
531400,0
531466,0
531531,0
531597,0
531663,0
531728,0
531794,0
531859,0
531925,0
531991,0
532056,0
532122,0
532188,0
532253,0
532319,0
532385,0
532450,0
532516,0
532582,0
532647,0
532713,0
532778,0
532844,0
532910,0
532975,0
533041,0
533107,0
533172,0
533238,0
533304,0
533369,0
533435,0
533501,0
533566,0
533632,0
533698,0
533763,0
533829,0
533894,0
533960,0
534026,0
534091,0
534157,0
534223,0
534288,0
534354,0
534420,0
534485,0
534551,0
534617,0
534682,0
534748,0
534814,0
534879,0
534945,0
535010,0
535076,0
535142,0
535207,0
535273,0
535339,0
535404,0
535470,0
535536,0
535601,0
535667,0
535733,0
535798,0
535864,0
535929,0
535995,0
536061,0
536126,0
536192,0
536258,0
536323,0
536389,0
536455,0
536520,0
536586,0
536652,0
536717,0
536783,0
536849,0
536914,0
536980,0
537045,0
537111,0
537177,0
537242,0
537308,0
537374,0
537439,0
537505,0
537571,0
537636,0
537702,0
537768,0
537833,0
537899,0
537964,0
538030,0
538096,0
538161,0
538227,0
538293,0
538358,0
538424,0
538490,0
538555,0
538621,0
538687,0
538752,0
538818,0
538884,0
538949,0
539015,0
539080,0
539146,0
539212,0
539277,0
539343,0
539409,0
539474,0
539540,0
539606,0
539671,0
539737,0
539803,0
539868,0
539934,0
540000,0
540065,0
540131,0
540196,0
540262,0
540328,0
540393,0
540459,0
540525,0
540590,0
540656,0
540722,0
540787,0
540853,0
540919,0
540984,0
541050,0
541115,0
541181,0
541247,0
541312,0
541378,0
541444,0
541509,0
541575,0
541641,0
541706,0
541772,0
541838,0
541903,0
541969,0
542035,0
542100,0
542166,0
542231,0
542297,0
542363,0
542428,0
542494,0
542560,0
542625,0
542691,0
542757,0
542822,0
542888,0
542954,0
543019,0
543085,0
543150,0
543216,0
543282,0
543347,0
543413,0
543479,0
543544,0
543610,0
543676,0
543741,0
543807,0
543873,0
543938,0
544004,0
544070,0
544135,0
544201,0
544266,0
544332,0
544398,0
544463,0
544529,0
544595,0
544660,0
544726,0
544792,0
544857,0
544923,0
544989,0
545054,0
545120,0
545185,0
545251,0
545317,0
545382,0
545448,0
545514,0
545579,0
545645,0
545711,0
545776,0
545842,0
545908,0
545973,0
546039,0
546105,0
546170,0
546236,0
546301,0
546367,0
546433,0
546498,0
546564,0
546630,0
546695,0
546761,0
546827,0
546892,0
546958,0
547024,0
547089,0
547155,0
547221,0
547286,0
547352,0
547417,0
547483,0
547549,0
547614,0
547680,0
547746,0
547811,0
547877,0
547943,0
548008,0
548074,0
548140,0
548205,0
548271,0
548336,0
548402,0
548468,0
548533,0
548599,0
548665,0
548730,0
548796,0
548862,0
548927,0
548993,0
549059,0
549124,0
549190,0
549256,0
549321,0
549387,0
549452,0
549518,0
549584,0
549649,0
549715,0
549781,0
549846,0
549912,0
549978,0
550043,0
550109,0
550175,0
550240,0
550306,0
550371,0
550437,0
550503,0
550568,0
550634,0
550700,0
550765,0
550831,0
550897,0
550962,0
551028,0
551094,0
551159,0
551225,0
551291,0
551356,0
551422,0
551487,0
551553,0
551619,0
551684,0
551750,0
551816,0
551881,0
551947,0
552013,0
552078,0
552144,0
552210,0
552275,0
552341,0
552407,0
552472,0
552538,0
552603,0
552669,0
552735,0
552800,0
552866,0
552932,0
552997,0
553063,0
553129,0
553194,0
553260,0
553326,0
553391,0
553457,0
553522,0
553588,0
553654,0
553719,0
553785,0
553851,0
553916,0
553982,0
554048,0
554113,0
554179,0
554245,0
554310,0
554376,0
554442,0
554507,0
554573,0
554638,0
554704,0
554770,0
554835,0
554901,0
554967,0
555032,0
555098,0
555164,0
555229,0
555295,0
555361,0
555426,0
555492,0
555557,0
555623,0
555689,0
555754,0
555820,0
555886,0
555951,0
556017,0
556083,0
556148,0
556214,0
556280,0
556345,0
556411,0
556477,0
556542,0
556608,0
556673,0
556739,0
556805,0
556870,0
556936,0
557002,0
557067,0
557133,0
557199,0
557264,0
557330,0
557396,0
557461,0
557527,0
557592,0
557658,0
557724,0
557789,0
557855,0
557921,0
557986,0
558052,0
558118,0
558183,0
558249,0
558315,0
558380,0
558446,0
558512,0
558577,0
558643,0
558708,0
558774,0
558840,0
558905,0
558971,0
559037,0
559102,0
559168,0
559234,0
559299,0
559365,0
559431,0
559496,0
559562,0
559628,0
559693,0
559759,0
559824,0
559890,0
559956,0
560021,0
560087,0
560153,0
560218,0
560284,0
560350,0
560415,0
560481,0
560547,0
560612,0
560678,0
560743,0
560809,0
560875,0
560940,0
561006,0
561072,0
561137,0
561203,0
561269,0
561334,0
561400,0
561466,0
561531,0
561597,0
561663,0
561728,0
561794,0
561859,0
561925,0
561991,0
562056,0
562122,0
562188,0
562253,0
562319,0
562385,0
562450,0
562516,0
562582,0
562647,0
562713,0
562778,0
562844,0
562910,0
562975,0
563041,0
563107,0
563172,0
563238,0
563304,0
563369,0
563435,0
563501,0
563566,0
563632,0
563698,0
563763,0
563829,0
563894,0
563960,0
564026,0
564091,0
564157,0
564223,0
564288,0
564354,0
564420,0
564485,0
564551,0
564617,0
564682,0
564748,0
564814,0
564879,0
564945,0
565010,0
565076,0
565142,0
565207,0
565273,0
565339,0
565404,0
565470,0
565536,0
565601,0
565667,0
565733,0
565798,0
565864,0
565929,0
565995,0
566061,0
566126,0
566192,0
566258,0
566323,0
566389,0
566455,0
566520,0
566586,0
566652,0
566717,0
566783,0
566849,0
566914,0
566980,0
567045,0
567111,0
567177,0
567242,0
567308,0
567374,0
567439,0
567505,0
567571,0
567636,0
567702,0
567768,0
567833,0
567899,0
567964,0
568030,0
568096,0
568161,0
568227,0
568293,0
568358,0
568424,0
568490,0
568555,0
568621,0
568687,0
568752,0
568818,0
568884,0
568949,0
569015,0
569080,0
569146,0
569212,0
569277,0
569343,0
569409,0
569474,0
569540,0
569606,0
569671,0
569737,0
569803,0
569868,0
569934,0
570000,0
570065,0
570131,0
570196,0
570262,0
570328,0
570393,0
570459,0
570525,0
570590,0
570656,0
570722,0
570787,0
570853,0
570919,0
570984,0
571050,0
571115,0
571181,0
571247,0
571312,0
571378,0
571444,0
571509,0
571575,0
571641,0
571706,0
571772,0
571838,0
571903,0
571969,0
572035,0
572100,0
572166,0
572231,0
572297,0
572363,0
572428,0
572494,0
572560,0
572625,0
572691,0
572757,0
572822,0
572888,0
572954,0
573019,0
573085,0
573150,0
573216,0
573282,0
573347,0
573413,0
573479,0
573544,0
573610,0
573676,0
573741,0
573807,0
573873,0
573938,0
574004,0
574070,0
574135,0
574201,0
574266,0
574332,0
574398,0
574463,0
574529,0
574595,0
574660,0
574726,0
574792,0
574857,0
574923,0
574989,0
575054,0
575120,0
575185,0
575251,0
575317,0
575382,0
575448,0
575514,0
575579,0
575645,0
575711,0
575776,0
575842,0
575908,0
575973,0
576039,0
576105,0
576170,0
576236,0
576301,0
576367,0
576433,0
576498,0
576564,0
576630,0
576695,0
576761,0
576827,0
576892,0
576958,0
577024,0
577089,0
577155,0
577221,0
577286,0
577352,0
577417,0
577483,0
577549,0
577614,0
577680,0
577746,0
577811,0
577877,0
577943,0
578008,0
578074,0
578140,0
578205,0
578271,0
578336,0
578402,0
578468,0
578533,0
578599,0
578665,0
578730,0
578796,0
578862,0
578927,0
578993,0
579059,0
579124,0
579190,0
579256,0
579321,0
579387,0
579452,0
579518,0
579584,0
579649,0
579715,0
579781,0
579846,0
579912,0
579978,0
580043,0
580109,0
580175,0
580240,0
580306,0
580371,0
580437,0
580503,0
580568,0
580634,0
580700,0
580765,0
580831,0
580897,0
580962,0
581028,0
581094,0
581159,0
581225,0
581291,0
581356,0
581422,0
581487,0
581553,0
581619,0
581684,0
581750,0
581816,0
581881,0
581947,0
582013,0
582078,0
582144,0
582210,0
582275,0
582341,0
582407,0
582472,0
582538,0
582603,0
582669,0
582735,0
582800,0
582866,0
582932,0
582997,0
583063,0
583129,0
583194,0
583260,0
583326,0
583391,0
583457,0
583522,0
583588,0
583654,0
583719,0
583785,0
583851,0
583916,0
583982,0
584048,0
584113,0
584179,0
584245,0
584310,0
584376,0
584442,0
584507,0
584573,0
584638,0
584704,0
584770,0
584835,0
584901,0
584967,0
585032,0
585098,0
585164,0
585229,0
585295,0
585361,0
585426,0
585492,0
585557,0
585623,0
585689,0
585754,0
585820,0
585886,0
585951,0
586017,0
586083,0
586148,0
586214,0
586280,0
586345,0
586411,0
586477,0
586542,0
586608,0
586673,0
586739,0
586805,0
586870,0
586936,0
587002,0
587067,0
587133,0
587199,0
587264,0
587330,0
587396,0
587461,0
587527,0
587592,0
587658,0
587724,0
587789,0
587855,0
587921,0
587986,0
588052,0
588118,0
588183,0
588249,0
588315,0
588380,0
588446,0
588512,0
588577,0
588643,0
588708,0
588774,0
588840,0
588905,0
588971,0
589037,0
589102,0
589168,0
589234,0
589299,0
589365,0
589431,0
589496,0
589562,0
589628,0
589693,0
589759,0
589824,0
589890,0
589956,0
590021,0
590087,0
590153,0
590218,0
590284,0
590350,0
590415,0
590481,0
590547,0
590612,0
590678,0
590743,0
590809,0
590875,0
590940,0
591006,0
591072,0
591137,0
591203,0
591269,0
591334,0
591400,0
591466,0
591531,0
591597,0
591663,0
591728,0
591794,0
591859,0
591925,0
591991,0
592056,0
592122,0
592188,0
592253,0
592319,0
592385,0
592450,0
592516,0
592582,0
592647,0
592713,0
592778,0
592844,0
592910,0
592975,0
593041,0
593107,0
593172,0
593238,0
593304,0
593369,0
593435,0
593501,0
593566,0
593632,0
593698,0
593763,0
593829,0
593894,0
593960,0
594026,0
594091,0
594157,0
594223,0
594288,0
594354,0
594420,0
594485,0
594551,0
594617,0
594682,0
594748,0
594814,0
594879,0
594945,0
595010,0
595076,0
595142,0
595207,0
595273,0
595339,0
595404,0
595470,0
595536,0
595601,0
595667,0
595733,0
595798,0
595864,0
595929,0
595995,0
596061,0
596126,0
596192,0
596258,0
596323,0
596389,0
596455,0
596520,0
596586,0
596652,0
596717,0
596783,0
596849,0
596914,0
596980,0
597045,0
597111,0
597177,0
597242,0
597308,0
597374,0
597439,0
597505,0
597571,0
597636,0
597702,0
597768,0
597833,0
597899,0
597964,0
598030,0
598096,0
598161,0
598227,0
598293,0
598358,0
598424,0
598490,0
598555,0
598621,0
598687,0
598752,0
598818,0
598884,0
598949,0
599015,0
599080,0
599146,0
599212,0
599277,0
599343,0
599409,0
599474,0
599540,0
599606,0
599671,0
599737,0
599803,0
599868,0
599934,0
600000,0